publication_id,ventas_30d,visitas_30d,precio_actual,categoria_ss_ekmeans,centroide_mas_cercano,coincide_centroide_mas_cercano,margen_asignacion,grupo_interpretacion,ventas_log_estandarizada,visitas_log_estandarizada,precio_estandarizado,distancia_centroide_A,distancia_centroide_B,distancia_centroide_C,score_inicial,categoria_score
MLC1882021611,0,77,34990,A,A,True,5.29414573926,compatible_directamente,-0.238234122265,3.07951176871,0.822462774678,2.31114878147,3.2612197763,3.83101391433,1.131475,A
MLC1967389483,0,37,19999,A,A,True,6.38998260446,compatible_directamente,-0.238234122265,2.43673051884,-0.331664551873,1.51329399921,2.99244037321,2.94619098711,0.819237,A
MLC3794493586,0,37,19999,A,A,True,6.38998260446,compatible_directamente,-0.238234122265,2.43673051884,-0.331664551873,1.51329399921,2.99244037321,2.94619098711,0.819237,A
MLC1949404669,0,31,19999,A,A,True,5.77228562736,compatible_directamente,-0.238234122265,2.283123731,-0.331664551873,1.42423097809,2.85986089054,2.79297681808,0.789396,A
MLC3945752680,0,30,28980,A,A,True,3.9450539525,compatible_directamente,-0.238234122265,2.25474544602,0.359764807059,1.5908560779,2.5447744523,2.89912840415,0.896133,A
MLC1949421591,0,30,9999,A,A,True,5.41771183096,compatible_directamente,-0.238234122265,2.25474544602,-1.10154469766,1.5820360929,3.30271785113,2.81434717656,0.658897,A
MLC3945379858,0,26,19999,A,A,True,5.16160209789,compatible_directamente,-0.238234122265,2.13126102351,-0.331664551873,1.3476531424,2.73095373862,2.64154710163,0.759894,A
MLC3738025160,0,25,19999,A,A,True,5.02594861138,compatible_directamente,-0.238234122265,2.09752717489,-0.331664551873,1.33239583488,2.70264282323,2.60791627016,0.753341,A
MLC3746224800,0,24,19999,A,A,True,4.88497404208,compatible_directamente,-0.238234122265,2.06247009745,-0.331664551873,1.31726838284,2.67335476062,2.57296910873,0.746531,A
MLC1882040001,0,24,12999,A,A,True,4.7166544443,compatible_directamente,-0.238234122265,2.06247009745,-0.870580653925,1.40464502014,3.00490924637,2.58644197246,0.65904,A
MLC1878110383,0,23,19999,A,A,True,4.73824384182,compatible_directamente,-0.238234122265,2.02598172924,-0.331664551873,1.3023392138,2.64302011228,2.53659836585,0.739442,A
MLC3738043124,0,23,19999,A,A,True,4.73824384182,compatible_directamente,-0.238234122265,2.02598172924,-0.331664551873,1.3023392138,2.64302011228,2.53659836585,0.739442,A
MLC3737992360,0,21,24999,A,A,True,3.85420907755,compatible_directamente,-0.238234122265,1.94820740197,0.0532755210212,1.34438254292,2.37940612323,2.52053241547,0.786826,A
MLC1887635797,0,20,19999,A,A,True,4.25827983683,compatible_directamente,-0.238234122265,1.90662590945,-0.331664551873,1.25966729194,2.54492247557,2.41765206827,0.716255,A
MLC1887635713,0,20,9999,A,A,True,4.01782326857,compatible_directamente,-0.238234122265,1.90662590945,-1.10154469766,1.45063289775,3.05678762982,2.47429971358,0.591269,B
MLC3738017696,0,19,19999,A,A,True,4.08290892114,compatible_directamente,-0.238234122265,1.86301526533,-0.331664551873,1.24656445466,2.50953874813,2.37420131007,0.707783,A
MLC3856871920,0,18,43999,A,B,False,-1.04902649608,fronteriza_por_capacidad,-0.238234122265,1.81716722106,1.51604779802,2.26227342265,2.01714018917,3.09734040428,0.998842,A
MLC1880286743,0,18,19999,A,A,True,3.89854077729,compatible_directamente,-0.238234122265,1.81716722106,-0.331664551873,1.23430180261,2.47262311293,2.3285278004,0.698876,A
MLC3765241240,0,17,29999,A,A,True,2.07881924844,compatible_directamente,-0.238234122265,1.76883972748,0.438215593915,1.4710002566,2.05977207558,2.47153805947,0.814474,A
MLC1878076599,0,16,19999,A,A,True,3.49875238121,compatible_directamente,-0.238234122265,1.71774919957,-0.331664551873,1.21324984896,2.39363556323,2.22951285648,0.679563,A
MLC1898810389,0,16,19999,A,A,True,3.49875238121,compatible_directamente,-0.238234122265,1.71774919957,-0.331664551873,1.21324984896,2.39363556323,2.22951285648,0.679563,A
MLC3960455936,0,16,18999,A,A,True,3.47470672438,compatible_directamente,-0.238234122265,1.71774919957,-0.408652566452,1.21259565324,2.44190066152,2.22375694325,0.667064,A
MLC3936773374,0,16,4999,A,A,True,3.13806752881,compatible_directamente,-0.238234122265,1.71774919957,-1.48648477056,1.64099754772,3.23651171779,2.41473403927,0.492084,B
MLC3765179168,0,15,29999,A,A,True,1.7263478043,compatible_directamente,-0.238234122265,1.66356043321,0.438215593915,1.45604639591,1.96122892884,2.37515714754,0.794021,A
MLC3738073708,0,15,8999,A,A,True,3.0163415751,compatible_directamente,-0.238234122265,1.66356043321,-1.17853271224,1.44455687829,2.95762728666,2.25900113982,0.531551,B
MLC1887672199,0,14,39999,A,B,False,-0.816532938407,fronteriza_por_capacidad,-0.238234122265,1.60587326357,1.2080957397,1.98966729633,1.77263730404,2.7365226515,0.907801,A
MLC1887635621,0,14,19999,A,A,True,3.04886713559,compatible_directamente,-0.238234122265,1.60587326357,-0.331664551873,1.19901274059,2.30664058593,2.11813566319,0.657829,A
MLC1946976869,0,14,19999,A,A,True,3.04886713559,compatible_directamente,-0.238234122265,1.60587326357,-0.331664551873,1.19901274059,2.30664058593,2.11813566319,0.657829,A
MLC1947014887,0,14,19999,A,A,True,3.04886713559,compatible_directamente,-0.238234122265,1.60587326357,-0.331664551873,1.19901274059,2.30664058593,2.11813566319,0.657829,A
MLC3746188518,0,14,9999,A,A,True,2.80841056733,compatible_directamente,-0.238234122265,1.60587326357,-1.10154469766,1.39828669083,2.8614526031,2.18257101536,0.532843,B
MLC3856850180,0,13,38395,A,B,False,-0.646098178246,fronteriza_por_capacidad,-0.238234122265,1.54420461342,1.08460696432,1.89035916413,1.71095283137,2.61087752827,0.875773,A
MLC1887672071,0,13,29999,A,A,True,1.32674863848,compatible_directamente,-0.238234122265,1.54420461342,0.438215593915,1.44819181997,1.85040757291,2.26684713002,0.770834,A
MLC3738010376,0,13,29999,A,A,True,1.32674863848,compatible_directamente,-0.238234122265,1.54420461342,0.438215593915,1.44819181997,1.85040757291,2.26684713002,0.770834,A
MLC3765241490,0,13,29999,A,A,True,1.32674863848,compatible_directamente,-0.238234122265,1.54420461342,0.438215593915,1.44819181997,1.85040757291,2.26684713002,0.770834,A
MLC1887757147,0,13,19999,A,A,True,2.80087979521,compatible_directamente,-0.238234122265,1.54420461342,-0.331664551873,1.19557634106,2.25962331269,2.05676507713,0.645848,A
MLC3738030114,0,13,19999,A,A,True,2.80087979521,compatible_directamente,-0.238234122265,1.54420461342,-0.331664551873,1.19557634106,2.25962331269,2.05676507713,0.645848,A
MLC1949396233,0,13,9999,A,A,True,2.56042322695,compatible_directamente,-0.238234122265,1.54420461342,-1.10154469766,1.39534114286,2.82368867306,2.12306385488,0.520863,B
MLC3738073710,0,11,19999,A,A,True,2.24680201464,compatible_directamente,-0.238234122265,1.40641843146,-0.331664551873,1.19937458244,2.15724146413,1.91971388588,0.619081,A
MLC1946989125,0,11,4999,A,A,True,1.88611716225,compatible_directamente,-0.238234122265,1.40641843146,-1.48648477056,1.63076581538,3.06581271842,2.1320211788,0.431602,B
MLC1955715775,0,11,4999,A,A,True,1.88611716225,compatible_directamente,-0.238234122265,1.40641843146,-1.48648477056,1.63076581538,3.06581271842,2.1320211788,0.431602,B
MLC3794517750,0,10,24999,A,A,True,1.77993253703,compatible_directamente,-0.238234122265,1.32864410418,0.0532755210212,1.2830232345,1.8509676273,1.9236491439,0.666465,A
MLC1947001663,0,10,19999,A,A,True,1.93404912442,compatible_directamente,-0.238234122265,1.32864410418,-0.331664551873,1.20846973481,2.10123884452,1.84240283987,0.603972,A
MLC3738073702,0,10,19999,A,A,True,1.93404912442,compatible_directamente,-0.238234122265,1.32864410418,-0.331664551873,1.20846973481,2.10123884452,1.84240283987,0.603972,A
MLC1952311563,0,10,9999,A,A,True,1.69359255616,compatible_directamente,-0.238234122265,1.32864410418,-1.10154469766,1.40640435778,2.69861536511,1.91613302611,0.478986,B
MLC1982207629,0,10,9999,A,A,True,1.69359255616,compatible_directamente,-0.238234122265,1.32864410418,-1.10154469766,1.40640435778,2.69861536511,1.91613302611,0.478986,B
MLC3738030120,0,10,9999,A,A,True,1.69359255616,compatible_directamente,-0.238234122265,1.32864410418,-1.10154469766,1.40640435778,2.69861536511,1.91613302611,0.478986,B
MLC1946976871,0,9,19999,A,A,True,1.59146709396,compatible_directamente,-0.238234122265,1.24345196755,-0.331664551873,1.22403879858,2.04153281351,1.75776507941,0.587422,B
MLC3794463004,0,9,19999,A,A,True,1.59146709396,compatible_directamente,-0.238234122265,1.24345196755,-0.331664551873,1.22403879858,2.04153281351,1.75776507941,0.587422,B
MLC1887685235,0,8,34999,A,B,False,-1.17033033681,fronteriza_por_capacidad,-0.238234122265,1.1492764297,0.823155666809,1.73301764807,1.35389062768,2.13934458422,0.756606,A
MLC1919366401,0,8,32999,A,B,False,-0.700381118918,fronteriza_por_capacidad,-0.238234122265,1.1492764297,0.669179637652,1.62984700463,1.39857789901,2.0449339907,0.731608,A
MLC1887685345,0,8,29999,A,A,True,0.00454270792538,compatible_directamente,-0.238234122265,1.1492764297,0.438215593915,1.49160491059,1.49312689254,1.91783784681,0.694113,A
MLC1887757473,0,8,29999,A,A,True,0.00454270792538,compatible_directamente,-0.238234122265,1.1492764297,0.438215593915,1.49160491059,1.49312689254,1.91783784681,0.694113,A
MLC4029205684,0,8,29999,A,A,True,0.00454270792538,compatible_directamente,-0.238234122265,1.1492764297,0.438215593915,1.49160491059,1.49312689254,1.91783784681,0.694113,A
MLC3738085766,0,8,19999,A,A,True,1.21276022909,compatible_directamente,-0.238234122265,1.1492764297,-0.331664551873,1.24780946029,1.9777050454,1.66426821104,0.569127,B
MLC3738017686,0,8,4999,A,A,True,0.852075376702,compatible_directamente,-0.238234122265,1.1492764297,-1.48648477056,1.66671119418,2.94224984263,1.90525630337,0.381648,B
MLC1887672081,0,7,29999,A,B,False,-0.347928736213,fronteriza_por_capacidad,-0.238234122265,1.04399713543,0.438215593915,1.52038446945,1.4012994679,1.82795718665,0.67366,A
MLC3765179246,0,7,24999,A,A,True,0.826944308525,compatible_directamente,-0.238234122265,1.04399713543,0.0532755210212,1.35257594802,1.62984846034,1.65502022716,0.611167,A
MLC1878076597,0,7,19999,A,A,True,0.789401973017,compatible_directamente,-0.238234122265,1.04399713543,-0.331664551873,1.28207338902,1.90932698302,1.55984427038,0.548674,B
MLC1882021595,0,7,19999,A,A,True,0.789401973017,compatible_directamente,-0.238234122265,1.04399713543,-0.331664551873,1.28207338902,1.90932698302,1.55984427038,0.548674,B
MLC3738018134,0,7,19999,A,A,True,0.789401973017,compatible_directamente,-0.238234122265,1.04399713543,-0.331664551873,1.28207338902,1.90932698302,1.55984427038,0.548674,B
MLC3765179180,0,7,19999,A,A,True,0.789401973017,compatible_directamente,-0.238234122265,1.04399713543,-0.331664551873,1.28207338902,1.90932698302,1.55984427038,0.548674,B
MLC1882040003,0,7,9999,A,A,True,0.548945404756,compatible_directamente,-0.238234122265,1.04399713543,-1.10154469766,1.47013138612,2.55202855298,1.64627813483,0.423688,B
MLC1919340747,0,7,9999,A,A,True,0.548945404756,compatible_directamente,-0.238234122265,1.04399713543,-1.10154469766,1.47013138612,2.55202855298,1.64627813483,0.423688,B
MLC1980335629,0,7,9999,A,A,True,0.548945404756,compatible_directamente,-0.238234122265,1.04399713543,-1.10154469766,1.47013138612,2.55202855298,1.64627813483,0.423688,B
MLC1946989123,0,7,4999,A,A,True,0.428717120626,compatible_directamente,-0.238234122265,1.04399713543,-1.48648477056,1.69251585826,2.89673029775,1.81475261429,0.361195,C
MLC3765170192,0,6,24999,A,A,True,0.427345142704,compatible_directamente,-0.238234122265,0.924641315634,0.0532755210212,1.39805118153,1.54333802159,1.5440898155,0.58798,B
MLC3856897746,0,6,24999,A,A,True,0.427345142704,compatible_directamente,-0.238234122265,0.924641315634,0.0532755210212,1.39805118153,1.54333802159,1.5440898155,0.58798,B
MLC3965075234,0,6,10999,A,A,True,0.0930270565976,compatible_directamente,-0.238234122265,0.924641315634,-1.02455668308,1.47691228657,2.42863327207,1.50807723901,0.413,B
MLC3945754710,0,6,9990,A,A,True,0.0687649888601,compatible_directamente,-0.238234122265,0.924641315634,-1.10223758979,1.51240584639,2.49828951336,1.53497115056,0.400389,B
MLC1887710873,0,5,29999,A,B,False,-1.2088312844,fronteriza_por_capacidad,-0.238234122265,0.786855133668,0.438215593915,1.61755539943,1.18644603157,1.61626180613,0.623706,A
MLC1898810361,0,5,29999,A,B,False,-1.2088312844,fronteriza_por_capacidad,-0.238234122265,0.786855133668,0.438215593915,1.61755539943,1.18644603157,1.61626180613,0.623706,A
MLC3765241512,0,5,29999,A,B,False,-1.2088312844,fronteriza_por_capacidad,-0.238234122265,0.786855133668,0.438215593915,1.61755539943,1.18644603157,1.61626180613,0.623706,A
MLC1919366369,0,5,24999,A,C,False,-0.124411528401,fronteriza_por_capacidad,-0.238234122265,0.786855133668,0.0532755210212,1.46095113897,1.44928257796,1.41773294454,0.561213,B
MLC3765157940,0,5,24999,A,C,False,-0.124411528401,fronteriza_por_capacidad,-0.238234122265,0.786855133668,0.0532755210212,1.46095113897,1.44928257796,1.41773294454,0.561213,B
MLC3856837310,0,5,20999,A,C,False,-0.220594155706,fronteriza_por_capacidad,-0.238234122265,0.786855133668,-0.254676537294,1.40073908942,1.69352005974,1.31964989331,0.511219,B
MLC1887685201,0,5,19999,A,C,False,-0.244639812532,fronteriza_por_capacidad,-0.238234122265,0.786855133668,-0.331664551873,1.39593291748,1.75770973576,1.30536925718,0.49872,B
MLC1887698327,0,5,19999,A,C,False,-0.244639812532,fronteriza_por_capacidad,-0.238234122265,0.786855133668,-0.331664551873,1.39593291748,1.75770973576,1.30536925718,0.49872,B
MLC1887710743,0,5,19999,A,C,False,-0.244639812532,fronteriza_por_capacidad,-0.238234122265,0.786855133668,-0.331664551873,1.39593291748,1.75770973576,1.30536925718,0.49872,B
MLC1887757351,0,5,19999,A,C,False,-0.244639812532,fronteriza_por_capacidad,-0.238234122265,0.786855133668,-0.331664551873,1.39593291748,1.75770973576,1.30536925718,0.49872,B
MLC1898810367,0,5,19999,A,C,False,-0.244639812532,fronteriza_por_capacidad,-0.238234122265,0.786855133668,-0.331664551873,1.39593291748,1.75770973576,1.30536925718,0.49872,B
MLC1887672401,0,5,9999,A,C,False,-0.485096380793,fronteriza_por_capacidad,-0.238234122265,0.786855133668,-1.10154469766,1.57041485849,2.44066870392,1.40751783184,0.373734,B
MLC3765179374,0,5,9999,A,C,False,-0.485096380793,fronteriza_por_capacidad,-0.238234122265,0.786855133668,-1.10154469766,1.57041485849,2.44066870392,1.40751783184,0.373734,B
MLC1898810311,0,4,24999,A,C,False,-0.779746449081,fronteriza_por_capacidad,-0.238234122265,0.623888669758,0.0532755210212,1.54792955314,1.34778394577,1.27135339399,0.529554,B
MLC1898810399,0,4,24999,A,C,False,-0.779746449081,fronteriza_por_capacidad,-0.238234122265,0.623888669758,0.0532755210212,1.54792955314,1.34778394577,1.27135339399,0.529554,B
MLC3765170208,0,4,24999,A,C,False,-0.779746449081,fronteriza_por_capacidad,-0.238234122265,0.623888669758,0.0532755210212,1.54792955314,1.34778394577,1.27135339399,0.529554,B
MLC3765179178,0,4,24999,A,C,False,-0.779746449081,fronteriza_por_capacidad,-0.238234122265,0.623888669758,0.0532755210212,1.54792955314,1.34778394577,1.27135339399,0.529554,B
MLC3765179368,0,4,24999,A,C,False,-0.779746449081,fronteriza_por_capacidad,-0.238234122265,0.623888669758,0.0532755210212,1.54792955314,1.34778394577,1.27135339399,0.529554,B
MLC3765241520,0,4,24999,A,C,False,-0.779746449081,fronteriza_por_capacidad,-0.238234122265,0.623888669758,0.0532755210212,1.54792955314,1.34778394577,1.27135339399,0.529554,B
MLC3856909388,0,4,20999,A,C,False,-0.875929076386,fronteriza_por_capacidad,-0.238234122265,0.623888669758,-0.254676537294,1.491233606,1.60751726785,1.16096881581,0.47956,B
MLC1887672271,0,4,19999,A,C,False,-0.899974733212,fronteriza_por_capacidad,-0.238234122265,0.623888669758,-0.331664551873,1.48672000765,1.67500599667,1.14471028996,0.467061,B
MLC1887711079,0,4,19999,A,C,False,-0.899974733212,fronteriza_por_capacidad,-0.238234122265,0.623888669758,-0.331664551873,1.48672000765,1.67500599667,1.14471028996,0.467061,B
MLC1887757149,0,4,19999,A,C,False,-0.899974733212,fronteriza_por_capacidad,-0.238234122265,0.623888669758,-0.331664551873,1.48672000765,1.67500599667,1.14471028996,0.467061,B
MLC3765241248,0,4,19999,A,C,False,-0.899974733212,fronteriza_por_capacidad,-0.238234122265,0.623888669758,-0.331664551873,1.48672000765,1.67500599667,1.14471028996,0.467061,B
MLC3765241360,0,4,19999,A,C,False,-0.899974733212,fronteriza_por_capacidad,-0.238234122265,0.623888669758,-0.331664551873,1.48672000765,1.67500599667,1.14471028996,0.467061,B
MLC3794517746,0,4,19999,A,C,False,-0.899974733212,fronteriza_por_capacidad,-0.238234122265,0.623888669758,-0.331664551873,1.48672000765,1.67500599667,1.14471028996,0.467061,B
MLC3945446488,0,4,19999,A,C,False,-0.899974733212,fronteriza_por_capacidad,-0.238234122265,0.623888669758,-0.331664551873,1.48672000765,1.67500599667,1.14471028996,0.467061,B
MLC4031978584,0,4,19999,A,C,False,-0.899974733212,fronteriza_por_capacidad,-0.238234122265,0.623888669758,-0.331664551873,1.48672000765,1.67500599667,1.14471028996,0.467061,B
MLC3960430484,0,4,18999,A,C,False,-0.924020390038,fronteriza_por_capacidad,-0.238234122265,0.623888669758,-0.408652566452,1.48618619406,1.74328216881,1.1334588715,0.454562,B
MLC4029229406,0,4,15999,A,C,False,-0.996157360516,fronteriza_por_capacidad,-0.238234122265,0.623888669758,-0.639616610188,1.50834821009,1.95200447397,1.13090979409,0.417067,B
MLC3856909384,0,4,14999,A,C,False,-1.02020301734,fronteriza_por_capacidad,-0.238234122265,0.623888669758,-0.716604624767,1.52346466328,2.02265329029,1.14050057559,0.404568,B
MLC1919366321,0,4,9999,A,C,False,-1.14043130147,fronteriza_por_capacidad,-0.238234122265,0.623888669758,-1.10154469766,1.65163873132,2.3817987522,1.25995206152,0.342075,C
MLC3738043122,0,4,9999,A,C,False,-1.14043130147,fronteriza_por_capacidad,-0.238234122265,0.623888669758,-1.10154469766,1.65163873132,2.3817987522,1.25995206152,0.342075,C
MLC3856884990,0,4,9999,A,C,False,-1.14043130147,fronteriza_por_capacidad,-0.238234122265,0.623888669758,-1.10154469766,1.65163873132,2.3817987522,1.25995206152,0.342075,C
MLC3856956688,0,4,9999,A,C,False,-1.14043130147,fronteriza_por_capacidad,-0.238234122265,0.623888669758,-1.10154469766,1.65163873132,2.3817987522,1.25995206152,0.342075,C
MLC1967126371,0,4,4999,A,C,False,-1.2606595856,fronteriza_por_capacidad,-0.238234122265,0.623888669758,-1.48648477056,1.85235907339,2.74793776835,1.47328698874,0.279582,C
MLC3746224798,0,4,4999,A,C,False,-1.2606595856,fronteriza_por_capacidad,-0.238234122265,0.623888669758,-1.48648477056,1.85235907339,2.74793776835,1.47328698874,0.279582,C
MLC1887672107,0,3,24999,A,C,False,-1.58181157003,fronteriza_por_capacidad,-0.238234122265,0.424433837639,0.0532755210212,1.66993319716,1.24150902172,1.09857421823,0.490806,B
MLC3856909380,0,3,20999,A,C,False,-1.67799419733,fronteriza_por_capacidad,-0.238234122265,0.424433837639,-0.254676537294,1.61751928865,1.51951796731,0.968697296288,0.440812,B
MLC1887672099,0,3,19999,A,C,False,-1.70203985416,fronteriza_por_capacidad,-0.238234122265,0.424433837639,-0.331664551873,1.61335903092,1.59074453493,0.94915094084,0.428313,B
MLC1887672361,0,3,19999,A,C,False,-1.70203985416,fronteriza_por_capacidad,-0.238234122265,0.424433837639,-0.331664551873,1.61335903092,1.59074453493,0.94915094084,0.428313,B
MLC1887757475,0,3,19999,A,C,False,-1.70203985416,fronteriza_por_capacidad,-0.238234122265,0.424433837639,-0.331664551873,1.61335903092,1.59074453493,0.94915094084,0.428313,B
MLC3738073704,0,3,19999,A,C,False,-1.70203985416,fronteriza_por_capacidad,-0.238234122265,0.424433837639,-0.331664551873,1.61335903092,1.59074453493,0.94915094084,0.428313,B
MLC1908462665,0,99,69999,B,B,True,2.18854768267,compatible_directamente,-0.238234122265,3.30159669303,3.51773617707,4.45393580364,4.20107087066,5.55946802137,1.612182,A
MLC1908478659,0,80,84999,B,B,True,6.34375971852,compatible_directamente,-0.238234122265,3.11324561733,4.67255639575,5.43456924704,4.81568096767,6.34097425963,1.763071,A
MLC3820925964,0,67,64999,B,B,True,2.16778830807,compatible_directamente,-0.238234122265,2.95687579515,3.13279610417,3.98334641803,3.70125119087,5.04288997289,1.482721,A
MLC1908468349,0,66,74999,B,B,True,4.56186925997,compatible_directamente,-0.238234122265,2.94363346558,3.90267624996,4.67238218526,4.15563304746,5.61979103157,1.605135,A
MLC3856922454,0,35,59999,B,B,True,2.89614247948,compatible_directamente,-0.238234122265,2.38840302527,2.74785603128,3.46217723511,3.01505036904,4.37540185169,1.309792,A
MLC3856909352,0,14,52999,B,B,True,3.87120285473,compatible_directamente,-0.238234122265,1.60587326357,2.20893992923,2.85311567266,2.06617186769,3.46159542009,1.070282,A
MLC3856850178,0,13,44999,B,B,True,2.19787049574,compatible_directamente,-0.238234122265,1.54420461342,1.5930358126,2.30688698973,1.76744365897,2.95359929565,0.958313,A
MLC3765170314,0,12,49999,B,B,True,3.59451523978,compatible_directamente,-0.238234122265,1.4779638771,1.97797588549,2.64365271379,1.84238552734,3.20074618802,1.007938,A
MLC3856943730,0,11,49999,B,B,True,3.83404692284,compatible_directamente,-0.238234122265,1.40641843146,1.97797588549,2.64544179724,1.77885226474,3.15698178994,0.994039,A
MLC1898810337,0,9,49999,B,B,True,4.37965302021,compatible_directamente,-0.238234122265,1.24345196755,1.97797588549,2.65671486879,1.6366065116,3.06120412465,0.96238,A
MLC3856956648,0,8,44999,B,B,True,3.52007642629,compatible_directamente,-0.238234122265,1.1492764297,1.5930358126,2.33438498223,1.38898409602,2.6950426518,0.881592,A
MLC1878076601,0,8,39999,B,B,True,2.34520338155,compatible_directamente,-0.238234122265,1.1492764297,1.2080957397,2.01944864931,1.31642298128,2.40246669338,0.819099,A
MLC1898810385,0,8,39999,B,B,True,2.34520338155,compatible_directamente,-0.238234122265,1.1492764297,1.2080957397,2.01944864931,1.31642298128,2.40246669338,0.819099,A
MLC3856884992,0,8,39999,B,B,True,2.34520338155,compatible_directamente,-0.238234122265,1.1492764297,1.2080957397,2.01944864931,1.31642298128,2.40246669338,0.819099,A
MLC1898810331,0,7,44999,B,B,True,3.87254787043,compatible_directamente,-0.238234122265,1.04399713543,1.5930358126,2.35287844372,1.2897631955,2.63183973003,0.861139,A
MLC3856897668,0,6,59999,B,B,True,7.79676617046,compatible_directamente,-0.238234122265,0.924641315634,2.74785603128,3.39894246683,1.93805152728,3.58107164602,1.025431,A
MLC3856909360,0,6,59999,B,B,True,7.79676617046,compatible_directamente,-0.238234122265,0.924641315634,2.74785603128,3.39894246683,1.93805152728,3.58107164602,1.025431,A
MLC3765170232,0,6,34999,B,B,True,1.92240094677,compatible_directamente,-0.238234122265,0.924641315634,0.823155666809,1.79307537632,1.13697772995,1.97110175425,0.712966,A
MLC1887672231,0,5,59999,B,B,True,8.25806955283,compatible_directamente,-0.238234122265,0.786855133668,2.74785603128,3.42529429642,1.86402024245,3.5284313055,0.998664,A
MLC1887698049,0,5,39999,B,B,True,3.55857737388,compatible_directamente,-0.238234122265,0.786855133668,1.2080957397,2.11418379241,0.954565730695,2.16934239623,0.748692,A
MLC1887698237,0,5,39999,B,B,True,3.55857737388,compatible_directamente,-0.238234122265,0.786855133668,1.2080957397,2.11418379241,0.954565730695,2.16934239623,0.748692,A
MLC3765241546,0,5,39999,B,B,True,3.55857737388,compatible_directamente,-0.238234122265,0.786855133668,1.2080957397,2.11418379241,0.954565730695,2.16934239623,0.748692,A
MLC3856871948,0,5,39999,B,B,True,3.55857737388,compatible_directamente,-0.238234122265,0.786855133668,1.2080957397,2.11418379241,0.954565730695,2.16934239623,0.748692,A
MLC1919405341,0,4,59999,B,B,True,8.8036756502,compatible_directamente,-0.238234122265,0.623888669758,2.74785603128,3.46328582248,1.78624551447,3.47220394389,0.967005,A
MLC3856922490,0,4,44999,B,B,True,4.98022320342,compatible_directamente,-0.238234122265,0.623888669758,1.5930358126,2.47035648789,0.907526672475,2.40911350183,0.779526,A
MLC3856897756,0,4,40999,B,B,True,3.94414214033,compatible_directamente,-0.238234122265,0.623888669758,1.28508375428,2.23204127229,0.80177937178,2.14172647678,0.729531,A
MLC3856897654,0,4,39999,B,B,True,3.68512187456,compatible_directamente,-0.238234122265,0.623888669758,1.2080957397,2.17519672194,0.792021027433,2.07663650706,0.717033,A
MLC3794506370,0,4,34999,B,B,True,2.39002054569,compatible_directamente,-0.238234122265,0.623888669758,0.823155666809,1.91223902807,0.852846805692,1.76560703999,0.65454,A
MLC3765157944,0,4,29999,B,B,True,1.09491921682,compatible_directamente,-0.238234122265,0.623888669758,0.438215593915,1.69652384047,1.06007346892,1.48952172737,0.592047,B
MLC3856969828,0,3,69999,B,B,True,11.3214326218,compatible_directamente,-0.238234122265,0.424433837639,3.51773617707,4.21859217522,2.44444887575,4.15893771629,1.053243,A
MLC3856871968,0,3,59999,B,B,True,8.73122996404,compatible_directamente,-0.238234122265,0.424433837639,2.74785603128,3.51950844148,1.70748239361,3.41273000522,0.928257,A
MLC3856884970,0,3,59999,B,B,True,8.73122996404,compatible_directamente,-0.238234122265,0.424433837639,2.74785603128,3.51950844148,1.70748239361,3.41273000522,0.928257,A
MLC1919340827,0,3,52999,B,B,True,6.91808810363,compatible_directamente,-0.238234122265,0.424433837639,2.20893992923,3.0505023934,1.21611823833,2.89776321897,0.840767,A
MLC3856850174,0,3,41999,B,B,True,4.06886518012,compatible_directamente,-0.238234122265,0.424433837639,1.36207176886,2.3742327168,0.628554221565,2.11280514709,0.703282,A
MLC1887710949,0,3,39999,B,B,True,3.55082464857,compatible_directamente,-0.238234122265,0.424433837639,1.2080957397,2.26364126147,0.593397332684,1.97558726535,0.678285,A
MLC1898810383,0,3,39999,B,B,True,3.55082464857,compatible_directamente,-0.238234122265,0.424433837639,1.2080957397,2.26364126147,0.593397332684,1.97558726535,0.678285,A
MLC1919405351,0,3,39999,B,B,True,3.55082464857,compatible_directamente,-0.238234122265,0.424433837639,1.2080957397,2.26364126147,0.593397332684,1.97558726535,0.678285,A
MLC1919418259,0,3,39999,B,B,True,3.55082464857,compatible_directamente,-0.238234122265,0.424433837639,1.2080957397,2.26364126147,0.593397332684,1.97558726535,0.678285,A
MLC3765170398,0,3,39999,B,B,True,3.55082464857,compatible_directamente,-0.238234122265,0.424433837639,1.2080957397,2.26364126147,0.593397332684,1.97558726535,0.678285,A
MLC3765179436,0,3,39999,B,B,True,3.55082464857,compatible_directamente,-0.238234122265,0.424433837639,1.2080957397,2.26364126147,0.593397332684,1.97558726535,0.678285,A
MLC3794506316,0,3,39999,B,B,True,3.55082464857,compatible_directamente,-0.238234122265,0.424433837639,1.2080957397,2.26364126147,0.593397332684,1.97558726535,0.678285,A
MLC3856871988,0,3,39999,B,B,True,3.55082464857,compatible_directamente,-0.238234122265,0.424433837639,1.2080957397,2.26364126147,0.593397332684,1.97558726535,0.678285,A
MLC3856943702,0,3,39999,B,B,True,3.55082464857,compatible_directamente,-0.238234122265,0.424433837639,1.2080957397,2.26364126147,0.593397332684,1.97558726535,0.678285,A
MLC1898810373,0,3,34999,B,B,True,2.2557233197,compatible_directamente,-0.238234122265,0.424433837639,0.823155666809,2.01227460402,0.672436436044,1.64556801142,0.615792,A
MLC3765179190,0,3,34999,B,B,True,2.2557233197,compatible_directamente,-0.238234122265,0.424433837639,0.823155666809,2.01227460402,0.672436436044,1.64556801142,0.615792,A
MLC3794506312,0,3,32999,B,B,True,1.73768278815,compatible_directamente,-0.238234122265,0.424433837639,0.669179637652,1.9241362145,0.758400335176,1.52080697544,0.590795,B
MLC1887672241,0,3,29999,B,B,True,0.960621990831,compatible_directamente,-0.238234122265,0.424433837639,0.438215593915,1.80853092945,0.921183394359,1.34506536528,0.553299,B
MLC1898810405,0,3,29999,B,B,True,0.960621990831,compatible_directamente,-0.238234122265,0.424433837639,0.438215593915,1.80853092945,0.921183394359,1.34506536528,0.553299,B
MLC3738000158,0,3,29999,B,B,True,0.960621990831,compatible_directamente,-0.238234122265,0.424433837639,0.438215593915,1.80853092945,0.921183394359,1.34506536528,0.553299,B
MLC3794463050,0,3,29999,B,B,True,0.960621990831,compatible_directamente,-0.238234122265,0.424433837639,0.438215593915,1.80853092945,0.921183394359,1.34506536528,0.553299,B
MLC3856897660,0,3,29999,B,B,True,0.960621990831,compatible_directamente,-0.238234122265,0.424433837639,0.438215593915,1.80853092945,0.921183394359,1.34506536528,0.553299,B
MLC4031342472,0,3,29999,B,B,True,0.960621990831,compatible_directamente,-0.238234122265,0.424433837639,0.438215593915,1.80853092945,0.921183394359,1.34506536528,0.553299,B
MLC1887685149,0,3,24999,B,C,False,-0.334479338038,fronteriza_por_capacidad,-0.238234122265,0.424433837639,0.0532755210212,1.66993319716,1.24150902172,1.09857421823,0.490806,B
MLC1887710745,0,3,24999,B,C,False,-0.334479338038,fronteriza_por_capacidad,-0.238234122265,0.424433837639,0.0532755210212,1.66993319716,1.24150902172,1.09857421823,0.490806,B
MLC3794517786,0,3,24999,B,C,False,-0.334479338038,fronteriza_por_capacidad,-0.238234122265,0.424433837639,0.0532755210212,1.66993319716,1.24150902172,1.09857421823,0.490806,B
MLC3794493558,0,2,69999,B,B,True,11.1482933844,compatible_directamente,-0.238234122265,0.16729183588,3.51773617707,4.29186066518,2.39540722769,4.10929059217,1.003289,A
MLC1919392331,0,2,59999,B,B,True,8.55809072668,compatible_directamente,-0.238234122265,0.16729183588,2.74785603128,3.60700536431,1.63650285818,3.3520489751,0.878303,A
MLC3794517758,0,2,59999,B,B,True,8.55809072668,compatible_directamente,-0.238234122265,0.16729183588,2.74785603128,3.60700536431,1.63650285818,3.3520489751,0.878303,A
MLC3856850252,0,2,59999,B,B,True,8.55809072668,compatible_directamente,-0.238234122265,0.16729183588,2.74785603128,3.60700536431,1.63650285818,3.3520489751,0.878303,A
MLC1919418251,0,2,49999,B,B,True,5.96788806894,compatible_directamente,-0.238234122265,0.16729183588,1.97797588549,2.96417582218,0.896514529112,2.60223487984,0.753317,A
MLC3794493592,0,2,49999,B,B,True,5.96788806894,compatible_directamente,-0.238234122265,0.16729183588,1.97797588549,2.96417582218,0.896514529112,2.60223487984,0.753317,A
MLC3765192410,0,2,44999,B,B,True,4.67278674008,compatible_directamente,-0.238234122265,0.16729183588,1.5930358126,2.66810797893,0.557739390856,2.23245603947,0.690824,A
MLC3856922524,0,2,40999,B,B,True,3.63670567698,compatible_directamente,-0.238234122265,0.16729183588,1.28508375428,2.44911152282,0.360996852994,1.9408823779,0.64083,A
MLC1919392245,0,2,39999,B,B,True,3.37768541121,compatible_directamente,-0.238234122265,0.16729183588,1.2080957397,2.39741940201,0.338771124442,1.86881012571,0.628331,A
MLC1919418257,0,2,39999,B,B,True,3.37768541121,compatible_directamente,-0.238234122265,0.16729183588,1.2080957397,2.39741940201,0.338771124442,1.86881012571,0.628331,A
MLC3765179224,0,2,39999,B,B,True,3.37768541121,compatible_directamente,-0.238234122265,0.16729183588,1.2080957397,2.39741940201,0.338771124442,1.86881012571,0.628331,A
MLC3794493598,0,2,39999,B,B,True,3.37768541121,compatible_directamente,-0.238234122265,0.16729183588,1.2080957397,2.39741940201,0.338771124442,1.86881012571,0.628331,A
MLC3794506380,0,2,39999,B,B,True,3.37768541121,compatible_directamente,-0.238234122265,0.16729183588,1.2080957397,2.39741940201,0.338771124442,1.86881012571,0.628331,A
MLC3856909418,0,2,39999,B,B,True,3.37768541121,compatible_directamente,-0.238234122265,0.16729183588,1.2080957397,2.39741940201,0.338771124442,1.86881012571,0.628331,A
MLC3856935124,0,2,39999,B,B,True,3.37768541121,compatible_directamente,-0.238234122265,0.16729183588,1.2080957397,2.39741940201,0.338771124442,1.86881012571,0.628331,A
MLC1887635545,0,2,34999,B,B,True,2.08258408234,compatible_directamente,-0.238234122265,0.16729183588,0.823155666809,2.16166535581,0.463482729817,1.51571775842,0.565838,B
MLC1887672289,0,2,34999,B,B,True,2.08258408234,compatible_directamente,-0.238234122265,0.16729183588,0.823155666809,2.16166535581,0.463482729817,1.51571775842,0.565838,B
MLC1898810347,0,2,34999,B,B,True,2.08258408234,compatible_directamente,-0.238234122265,0.16729183588,0.823155666809,2.16166535581,0.463482729817,1.51571775842,0.565838,B
MLC1898810411,0,2,34999,B,B,True,2.08258408234,compatible_directamente,-0.238234122265,0.16729183588,0.823155666809,2.16166535581,0.463482729817,1.51571775842,0.565838,B
MLC3765170202,0,2,34999,B,B,True,2.08258408234,compatible_directamente,-0.238234122265,0.16729183588,0.823155666809,2.16166535581,0.463482729817,1.51571775842,0.565838,B
MLC3794493630,0,2,34999,B,B,True,2.08258408234,compatible_directamente,-0.238234122265,0.16729183588,0.823155666809,2.16166535581,0.463482729817,1.51571775842,0.565838,B
MLC3856837298,0,2,34999,B,B,True,2.08258408234,compatible_directamente,-0.238234122265,0.16729183588,0.823155666809,2.16166535581,0.463482729817,1.51571775842,0.565838,B
MLC1919366337,0,2,32999,B,B,True,1.56454355079,compatible_directamente,-0.238234122265,0.16729183588,0.669179637652,2.07986735165,0.581219879834,1.37926070759,0.540841,B
MLC1887635641,0,2,29999,B,B,True,0.787482753469,compatible_directamente,-0.238234122265,0.16729183588,0.438215593915,1.97340623068,0.781808369334,1.18266947193,0.503345,B
MLC3765241242,0,2,29999,B,B,True,0.787482753469,compatible_directamente,-0.238234122265,0.16729183588,0.438215593915,1.97340623068,0.781808369334,1.18266947193,0.503345,B
MLC3765241262,0,2,29999,B,B,True,0.787482753469,compatible_directamente,-0.238234122265,0.16729183588,0.438215593915,1.97340623068,0.781808369334,1.18266947193,0.503345,B
MLC3765241576,0,2,29999,B,B,True,0.787482753469,compatible_directamente,-0.238234122265,0.16729183588,0.438215593915,1.97340623068,0.781808369334,1.18266947193,0.503345,B
MLC3794463042,0,2,29999,B,B,True,0.787482753469,compatible_directamente,-0.238234122265,0.16729183588,0.438215593915,1.97340623068,0.781808369334,1.18266947193,0.503345,B
MLC3794493620,0,2,29999,B,B,True,0.787482753469,compatible_directamente,-0.238234122265,0.16729183588,0.438215593915,1.97340623068,0.781808369334,1.18266947193,0.503345,B
MLC3856850240,0,2,29999,B,B,True,0.787482753469,compatible_directamente,-0.238234122265,0.16729183588,0.438215593915,1.97340623068,0.781808369334,1.18266947193,0.503345,B
MLC3856885010,0,2,29999,B,B,True,0.787482753469,compatible_directamente,-0.238234122265,0.16729183588,0.438215593915,1.97340623068,0.781808369334,1.18266947193,0.503345,B
MLC4029203790,0,2,29999,B,B,True,0.787482753469,compatible_directamente,-0.238234122265,0.16729183588,0.438215593915,1.97340623068,0.781808369334,1.18266947193,0.503345,B
MLC1919340817,0,2,25999,B,C,False,-0.248598309626,fronteriza_por_capacidad,-0.238234122265,0.16729183588,0.1302635356,1.86679879524,1.06851689401,0.945055576751,0.453351,B
MLC1919392263,0,1,79999,B,B,True,13.4944699929,compatible_directamente,-0.238234122265,-0.19512946015,4.28761632286,5.11062262718,3.14217303356,4.83401710441,1.057868,A
MLC3856885050,0,1,79999,B,B,True,13.4944699929,compatible_directamente,-0.238234122265,-0.19512946015,4.28761632286,5.11062262718,3.14217303356,4.83401710441,1.057868,A
MLC1919379245,0,1,59999,B,B,True,8.31406467738,compatible_directamente,-0.238234122265,-0.19512946015,2.74785603128,3.75684338473,1.60254551628,3.29882051787,0.807896,A
MLC3856884974,0,1,59999,B,B,True,8.31406467738,compatible_directamente,-0.238234122265,-0.19512946015,2.74785603128,3.75684338473,1.60254551628,3.29882051787,0.807896,A
MLC3856884980,0,1,59999,B,B,True,8.31406467738,compatible_directamente,-0.238234122265,-0.19512946015,2.74785603128,3.75684338473,1.60254551628,3.29882051787,0.807896,A
MLC1919418273,0,1,49999,B,B,True,5.72386201965,compatible_directamente,-0.238234122265,-0.19512946015,1.97797588549,3.14479296998,0.8329158588,2.53330038635,0.68291,A
MLC3794506304,0,1,49999,B,B,True,5.72386201965,compatible_directamente,-0.238234122265,-0.19512946015,1.97797588549,3.14479296998,0.8329158588,2.53330038635,0.68291,A
MLC3794506326,0,1,49999,B,B,True,5.72386201965,compatible_directamente,-0.238234122265,-0.19512946015,1.97797588549,3.14479296998,0.8329158588,2.53330038635,0.68291,A
MLC3856909358,0,1,49999,B,B,True,5.72386201965,compatible_directamente,-0.238234122265,-0.19512946015,1.97797588549,3.14479296998,0.8329158588,2.53330038635,0.68291,A
MLC3856837296,0,1,44999,B,B,True,4.42876069078,compatible_directamente,-0.238234122265,-0.19512946015,1.5930358126,2.867435214,0.448423633458,2.15170733275,0.620417,A
MLC1887635635,0,1,39999,B,B,True,3.13365936191,compatible_directamente,-0.238234122265,-0.19512946015,1.2080957397,2.61744232189,0.0691115163125,1.77156308485,0.557924,B
MLC1887672061,0,1,39999,B,B,True,3.13365936191,compatible_directamente,-0.238234122265,-0.19512946015,1.2080957397,2.61744232189,0.0691115163125,1.77156308485,0.557924,B
MLC1887672185,0,1,39999,B,B,True,3.13365936191,compatible_directamente,-0.238234122265,-0.19512946015,1.2080957397,2.61744232189,0.0691115163125,1.77156308485,0.557924,B
MLC1898810319,0,1,39999,B,B,True,3.13365936191,compatible_directamente,-0.238234122265,-0.19512946015,1.2080957397,2.61744232189,0.0691115163125,1.77156308485,0.557924,B
MLC1898810323,0,1,39999,B,B,True,3.13365936191,compatible_directamente,-0.238234122265,-0.19512946015,1.2080957397,2.61744232189,0.0691115163125,1.77156308485,0.557924,B
MLC1898810403,0,1,39999,B,B,True,3.13365936191,compatible_directamente,-0.238234122265,-0.19512946015,1.2080957397,2.61744232189,0.0691115163125,1.77156308485,0.557924,B
MLC1919340797,0,1,39999,B,B,True,3.13365936191,compatible_directamente,-0.238234122265,-0.19512946015,1.2080957397,2.61744232189,0.0691115163125,1.77156308485,0.557924,B
MLC1919366319,0,1,39999,B,B,True,3.13365936191,compatible_directamente,-0.238234122265,-0.19512946015,1.2080957397,2.61744232189,0.0691115163125,1.77156308485,0.557924,B
MLC1919366415,0,1,39999,B,B,True,3.13365936191,compatible_directamente,-0.238234122265,-0.19512946015,1.2080957397,2.61744232189,0.0691115163125,1.77156308485,0.557924,B
MLC3794463034,0,1,39999,B,B,True,3.13365936191,compatible_directamente,-0.238234122265,-0.19512946015,1.2080957397,2.61744232189,0.0691115163125,1.77156308485,0.557924,B
MLC3794493638,0,1,39999,B,B,True,3.13365936191,compatible_directamente,-0.238234122265,-0.19512946015,1.2080957397,2.61744232189,0.0691115163125,1.77156308485,0.557924,B
MLC3794506288,0,1,39999,B,B,True,3.13365936191,compatible_directamente,-0.238234122265,-0.19512946015,1.2080957397,2.61744232189,0.0691115163125,1.77156308485,0.557924,B
MLC3794506290,0,1,39999,B,B,True,3.13365936191,compatible_directamente,-0.238234122265,-0.19512946015,1.2080957397,2.61744232189,0.0691115163125,1.77156308485,0.557924,B
MLC3794506332,0,1,39999,B,B,True,3.13365936191,compatible_directamente,-0.238234122265,-0.19512946015,1.2080957397,2.61744232189,0.0691115163125,1.77156308485,0.557924,B
MLC3794517784,0,1,39999,B,B,True,3.13365936191,compatible_directamente,-0.238234122265,-0.19512946015,1.2080957397,2.61744232189,0.0691115163125,1.77156308485,0.557924,B
MLC3856885036,0,1,39999,B,B,True,3.13365936191,compatible_directamente,-0.238234122265,-0.19512946015,1.2080957397,2.61744232189,0.0691115163125,1.77156308485,0.557924,B
MLC3856897684,0,1,39999,B,B,True,3.13365936191,compatible_directamente,-0.238234122265,-0.19512946015,1.2080957397,2.61744232189,0.0691115163125,1.77156308485,0.557924,B
MLC1887672083,0,1,34999,B,B,True,1.83855803304,compatible_directamente,-0.238234122265,-0.19512946015,0.823155666809,2.40336880852,0.323769621444,1.39405337086,0.495431,B
MLC1887672331,0,1,34999,B,B,True,1.83855803304,compatible_directamente,-0.238234122265,-0.19512946015,0.823155666809,2.40336880852,0.323769621444,1.39405337086,0.495431,B
MLC1887698031,0,1,34999,B,B,True,1.83855803304,compatible_directamente,-0.238234122265,-0.19512946015,0.823155666809,2.40336880852,0.323769621444,1.39405337086,0.495431,B
MLC3794463064,0,1,34999,B,B,True,1.83855803304,compatible_directamente,-0.238234122265,-0.19512946015,0.823155666809,2.40336880852,0.323769621444,1.39405337086,0.495431,B
MLC3794493612,0,1,34999,B,B,True,1.83855803304,compatible_directamente,-0.238234122265,-0.19512946015,0.823155666809,2.40336880852,0.323769621444,1.39405337086,0.495431,B
MLC3794493624,0,1,34999,B,B,True,1.83855803304,compatible_directamente,-0.238234122265,-0.19512946015,0.823155666809,2.40336880852,0.323769621444,1.39405337086,0.495431,B
MLC3856935118,0,1,34999,B,B,True,1.83855803304,compatible_directamente,-0.238234122265,-0.19512946015,0.823155666809,2.40336880852,0.323769621444,1.39405337086,0.495431,B
MLC1919340763,0,1,32999,B,B,True,1.32051750149,compatible_directamente,-0.238234122265,-0.19512946015,0.669179637652,2.33007139799,0.477312346002,1.24432494837,0.470434,B
MLC1919418347,0,1,32999,B,B,True,1.32051750149,compatible_directamente,-0.238234122265,-0.19512946015,0.669179637652,2.33007139799,0.477312346002,1.24432494837,0.470434,B
MLC1887635513,0,1,29999,B,B,True,0.54345670417,compatible_directamente,-0.238234122265,-0.19512946015,0.438215593915,2.23555735121,0.707979415867,1.0221015397,0.432938,B
MLC1887685211,0,1,29999,B,B,True,0.54345670417,compatible_directamente,-0.238234122265,-0.19512946015,0.438215593915,2.23555735121,0.707979415867,1.0221015397,0.432938,B
MLC1887698153,0,1,29999,B,B,True,0.54345670417,compatible_directamente,-0.238234122265,-0.19512946015,0.438215593915,2.23555735121,0.707979415867,1.0221015397,0.432938,B
MLC1887698287,0,1,29999,B,B,True,0.54345670417,compatible_directamente,-0.238234122265,-0.19512946015,0.438215593915,2.23555735121,0.707979415867,1.0221015397,0.432938,B
MLC1898810339,0,1,29999,B,B,True,0.54345670417,compatible_directamente,-0.238234122265,-0.19512946015,0.438215593915,2.23555735121,0.707979415867,1.0221015397,0.432938,B
MLC1919340821,0,1,29999,B,B,True,0.54345670417,compatible_directamente,-0.238234122265,-0.19512946015,0.438215593915,2.23555735121,0.707979415867,1.0221015397,0.432938,B
MLC1919366315,0,1,29999,B,B,True,0.54345670417,compatible_directamente,-0.238234122265,-0.19512946015,0.438215593915,2.23555735121,0.707979415867,1.0221015397,0.432938,B
MLC1919379211,0,1,29999,B,B,True,0.54345670417,compatible_directamente,-0.238234122265,-0.19512946015,0.438215593915,2.23555735121,0.707979415867,1.0221015397,0.432938,B
MLC1919418311,0,1,29999,B,B,True,0.54345670417,compatible_directamente,-0.238234122265,-0.19512946015,0.438215593915,2.23555735121,0.707979415867,1.0221015397,0.432938,B
MLC3765170210,0,1,29999,B,B,True,0.54345670417,compatible_directamente,-0.238234122265,-0.19512946015,0.438215593915,2.23555735121,0.707979415867,1.0221015397,0.432938,B
MLC3765192192,0,1,29999,B,B,True,0.54345670417,compatible_directamente,-0.238234122265,-0.19512946015,0.438215593915,2.23555735121,0.707979415867,1.0221015397,0.432938,B
MLC3765241256,0,1,29999,B,B,True,0.54345670417,compatible_directamente,-0.238234122265,-0.19512946015,0.438215593915,2.23555735121,0.707979415867,1.0221015397,0.432938,B
MLC3765241308,0,1,29999,B,B,True,0.54345670417,compatible_directamente,-0.238234122265,-0.19512946015,0.438215593915,2.23555735121,0.707979415867,1.0221015397,0.432938,B
MLC3765241310,0,1,29999,B,B,True,0.54345670417,compatible_directamente,-0.238234122265,-0.19512946015,0.438215593915,2.23555735121,0.707979415867,1.0221015397,0.432938,B
MLC3765241336,0,1,29999,B,B,True,0.54345670417,compatible_directamente,-0.238234122265,-0.19512946015,0.438215593915,2.23555735121,0.707979415867,1.0221015397,0.432938,B
MLC3765241532,0,1,29999,B,B,True,0.54345670417,compatible_directamente,-0.238234122265,-0.19512946015,0.438215593915,2.23555735121,0.707979415867,1.0221015397,0.432938,B
MLC3794463018,0,1,29999,B,B,True,0.54345670417,compatible_directamente,-0.238234122265,-0.19512946015,0.438215593915,2.23555735121,0.707979415867,1.0221015397,0.432938,B
MLC3794493578,0,1,29999,B,B,True,0.54345670417,compatible_directamente,-0.238234122265,-0.19512946015,0.438215593915,2.23555735121,0.707979415867,1.0221015397,0.432938,B
MLC3794506320,0,1,29999,B,B,True,0.54345670417,compatible_directamente,-0.238234122265,-0.19512946015,0.438215593915,2.23555735121,0.707979415867,1.0221015397,0.432938,B
MLC3794506346,0,1,29999,B,B,True,0.54345670417,compatible_directamente,-0.238234122265,-0.19512946015,0.438215593915,2.23555735121,0.707979415867,1.0221015397,0.432938,B
MLC3794506372,0,1,29999,B,B,True,0.54345670417,compatible_directamente,-0.238234122265,-0.19512946015,0.438215593915,2.23555735121,0.707979415867,1.0221015397,0.432938,B
MLC3856943700,0,1,29999,B,B,True,0.54345670417,compatible_directamente,-0.238234122265,-0.19512946015,0.438215593915,2.23555735121,0.707979415867,1.0221015397,0.432938,B
MLC1887685299,0,0,59999,B,B,True,7.89689939072,compatible_directamente,-0.238234122265,-0.814692757938,2.74785603128,4.07535545997,1.72873523101,3.29930672864,0.687535,A
MLC1919340761,0,0,59999,B,B,True,7.89689939072,compatible_directamente,-0.238234122265,-0.814692757938,2.74785603128,4.07535545997,1.72873523101,3.29930672864,0.687535,A
MLC3856837238,0,0,59999,B,B,True,7.89689939072,compatible_directamente,-0.238234122265,-0.814692757938,2.74785603128,4.07535545997,1.72873523101,3.29930672864,0.687535,A
MLC1919379161,0,0,49999,B,B,True,5.30669673298,compatible_directamente,-0.238234122265,-0.814692757938,1.97797588549,3.5191437498,1.05551986955,2.53393348926,0.562549,B
MLC1919418261,0,0,49999,B,B,True,5.30669673298,compatible_directamente,-0.238234122265,-0.814692757938,1.97797588549,3.5191437498,1.05551986955,2.53393348926,0.562549,B
MLC3794506354,0,0,49999,B,B,True,5.30669673298,compatible_directamente,-0.238234122265,-0.814692757938,1.97797588549,3.5191437498,1.05551986955,2.53393348926,0.562549,B
MLC3794517830,0,0,49999,B,B,True,5.30669673298,compatible_directamente,-0.238234122265,-0.814692757938,1.97797588549,3.5191437498,1.05551986955,2.53393348926,0.562549,B
MLC1898810317,0,0,44999,B,B,True,4.01159540412,compatible_directamente,-0.238234122265,-0.814692757938,1.5930358126,3.27365768128,0.788325517934,2.15245267691,0.500056,B
MLC1919379215,0,0,44999,B,B,True,4.01159540412,compatible_directamente,-0.238234122265,-0.814692757938,1.5930358126,3.27365768128,0.788325517934,2.15245267691,0.500056,B
MLC3856956676,0,0,44999,B,B,True,4.01159540412,compatible_directamente,-0.238234122265,-0.814692757938,1.5930358126,3.27365768128,0.788325517934,2.15245267691,0.500056,B
MLC1898810355,0,0,43999,B,B,True,3.75257513834,compatible_directamente,-0.238234122265,-0.814692757938,1.51604779802,3.22783052793,0.747319900711,2.07630974865,0.487558,B
MLC3794493606,0,0,42999,B,B,True,3.49355487257,compatible_directamente,-0.238234122265,-0.814692757938,1.43905978344,3.18320585709,0.712299975116,2.00023151838,0.475059,B
MLC1887685371,0,0,39999,B,B,True,2.71649407525,compatible_directamente,-0.238234122265,-0.814692757938,1.2080957397,3.05706627604,0.652035097881,1.77246829143,0.437563,B
MLC1898810313,0,0,39999,B,B,True,2.71649407525,compatible_directamente,-0.238234122265,-0.814692757938,1.2080957397,3.05706627604,0.652035097881,1.77246829143,0.437563,B
MLC1898810379,0,0,39999,B,B,True,2.71649407525,compatible_directamente,-0.238234122265,-0.814692757938,1.2080957397,3.05706627604,0.652035097881,1.77246829143,0.437563,B
MLC1898810409,0,0,39999,B,B,True,2.71649407525,compatible_directamente,-0.238234122265,-0.814692757938,1.2080957397,3.05706627604,0.652035097881,1.77246829143,0.437563,B
MLC1919340767,0,0,39999,B,B,True,2.71649407525,compatible_directamente,-0.238234122265,-0.814692757938,1.2080957397,3.05706627604,0.652035097881,1.77246829143,0.437563,B
MLC1919366311,0,0,39999,B,B,True,2.71649407525,compatible_directamente,-0.238234122265,-0.814692757938,1.2080957397,3.05706627604,0.652035097881,1.77246829143,0.437563,B
MLC1919366413,0,0,39999,B,B,True,2.71649407525,compatible_directamente,-0.238234122265,-0.814692757938,1.2080957397,3.05706627604,0.652035097881,1.77246829143,0.437563,B
MLC1919379135,0,0,39999,B,B,True,2.71649407525,compatible_directamente,-0.238234122265,-0.814692757938,1.2080957397,3.05706627604,0.652035097881,1.77246829143,0.437563,B
MLC1919379147,0,0,39999,B,B,True,2.71649407525,compatible_directamente,-0.238234122265,-0.814692757938,1.2080957397,3.05706627604,0.652035097881,1.77246829143,0.437563,B
MLC1919392231,0,0,39999,B,B,True,2.71649407525,compatible_directamente,-0.238234122265,-0.814692757938,1.2080957397,3.05706627604,0.652035097881,1.77246829143,0.437563,B
MLC1919392259,0,0,39999,B,B,True,2.71649407525,compatible_directamente,-0.238234122265,-0.814692757938,1.2080957397,3.05706627604,0.652035097881,1.77246829143,0.437563,B
MLC1919405241,0,0,39999,B,B,True,2.71649407525,compatible_directamente,-0.238234122265,-0.814692757938,1.2080957397,3.05706627604,0.652035097881,1.77246829143,0.437563,B
MLC3765170258,0,0,39999,B,B,True,2.71649407525,compatible_directamente,-0.238234122265,-0.814692757938,1.2080957397,3.05706627604,0.652035097881,1.77246829143,0.437563,B
MLC3794462982,0,0,39999,B,B,True,2.71649407525,compatible_directamente,-0.238234122265,-0.814692757938,1.2080957397,3.05706627604,0.652035097881,1.77246829143,0.437563,B
MLC3794462990,0,0,39999,B,B,True,2.71649407525,compatible_directamente,-0.238234122265,-0.814692757938,1.2080957397,3.05706627604,0.652035097881,1.77246829143,0.437563,B
MLC3794463032,0,0,39999,B,B,True,2.71649407525,compatible_directamente,-0.238234122265,-0.814692757938,1.2080957397,3.05706627604,0.652035097881,1.77246829143,0.437563,B
MLC3794463062,0,0,39999,B,B,True,2.71649407525,compatible_directamente,-0.238234122265,-0.814692757938,1.2080957397,3.05706627604,0.652035097881,1.77246829143,0.437563,B
MLC3794463074,0,0,39999,B,B,True,2.71649407525,compatible_directamente,-0.238234122265,-0.814692757938,1.2080957397,3.05706627604,0.652035097881,1.77246829143,0.437563,B
MLC3794463088,0,0,39999,B,B,True,2.71649407525,compatible_directamente,-0.238234122265,-0.814692757938,1.2080957397,3.05706627604,0.652035097881,1.77246829143,0.437563,B
MLC3794493590,0,0,39999,B,B,True,2.71649407525,compatible_directamente,-0.238234122265,-0.814692757938,1.2080957397,3.05706627604,0.652035097881,1.77246829143,0.437563,B
MLC3794493602,0,0,39999,B,B,True,2.71649407525,compatible_directamente,-0.238234122265,-0.814692757938,1.2080957397,3.05706627604,0.652035097881,1.77246829143,0.437563,B
MLC3794493614,0,0,39999,B,B,True,2.71649407525,compatible_directamente,-0.238234122265,-0.814692757938,1.2080957397,3.05706627604,0.652035097881,1.77246829143,0.437563,B
MLC3794493628,0,0,39999,B,B,True,2.71649407525,compatible_directamente,-0.238234122265,-0.814692757938,1.2080957397,3.05706627604,0.652035097881,1.77246829143,0.437563,B
MLC3794506282,0,0,39999,B,B,True,2.71649407525,compatible_directamente,-0.238234122265,-0.814692757938,1.2080957397,3.05706627604,0.652035097881,1.77246829143,0.437563,B
MLC3794506322,0,0,39999,B,B,True,2.71649407525,compatible_directamente,-0.238234122265,-0.814692757938,1.2080957397,3.05706627604,0.652035097881,1.77246829143,0.437563,B
MLC3794517764,0,0,39999,B,B,True,2.71649407525,compatible_directamente,-0.238234122265,-0.814692757938,1.2080957397,3.05706627604,0.652035097881,1.77246829143,0.437563,B
MLC3794517798,0,0,39999,B,B,True,2.71649407525,compatible_directamente,-0.238234122265,-0.814692757938,1.2080957397,3.05706627604,0.652035097881,1.77246829143,0.437563,B
MLC3794517806,0,0,39999,B,B,True,2.71649407525,compatible_directamente,-0.238234122265,-0.814692757938,1.2080957397,3.05706627604,0.652035097881,1.77246829143,0.437563,B
MLC3794517816,0,0,39999,B,B,True,2.71649407525,compatible_directamente,-0.238234122265,-0.814692757938,1.2080957397,3.05706627604,0.652035097881,1.77246829143,0.437563,B
MLC3856850228,0,0,39999,B,B,True,2.71649407525,compatible_directamente,-0.238234122265,-0.814692757938,1.2080957397,3.05706627604,0.652035097881,1.77246829143,0.437563,B
MLC3856871936,0,0,39999,B,B,True,2.71649407525,compatible_directamente,-0.238234122265,-0.814692757938,1.2080957397,3.05706627604,0.652035097881,1.77246829143,0.437563,B
MLC3856884988,0,0,39999,B,B,True,2.71649407525,compatible_directamente,-0.238234122265,-0.814692757938,1.2080957397,3.05706627604,0.652035097881,1.77246829143,0.437563,B
MLC3856897686,0,0,39999,B,B,True,2.71649407525,compatible_directamente,-0.238234122265,-0.814692757938,1.2080957397,3.05706627604,0.652035097881,1.77246829143,0.437563,B
MLC3856909370,0,0,39999,B,B,True,2.71649407525,compatible_directamente,-0.238234122265,-0.814692757938,1.2080957397,3.05706627604,0.652035097881,1.77246829143,0.437563,B
MLC3856943710,0,0,39999,B,B,True,2.71649407525,compatible_directamente,-0.238234122265,-0.814692757938,1.2080957397,3.05706627604,0.652035097881,1.77246829143,0.437563,B
MLC3856943782,0,0,39999,B,B,True,2.71649407525,compatible_directamente,-0.238234122265,-0.814692757938,1.2080957397,3.05706627604,0.652035097881,1.77246829143,0.437563,B
MLC3856943820,0,0,39999,B,B,True,2.71649407525,compatible_directamente,-0.238234122265,-0.814692757938,1.2080957397,3.05706627604,0.652035097881,1.77246829143,0.437563,B
MLC1887698115,0,0,34999,B,B,True,1.42139274638,compatible_directamente,-0.238234122265,-0.814692757938,0.823155666809,2.87590534223,0.724706930388,1.39520352685,0.37507,B
MLC1898810369,0,0,34999,B,B,True,1.42139274638,compatible_directamente,-0.238234122265,-0.814692757938,0.823155666809,2.87590534223,0.724706930388,1.39520352685,0.37507,B
MLC1898810393,0,0,34999,B,B,True,1.42139274638,compatible_directamente,-0.238234122265,-0.814692757938,0.823155666809,2.87590534223,0.724706930388,1.39520352685,0.37507,B
MLC3765241588,0,0,34999,B,B,True,1.42139274638,compatible_directamente,-0.238234122265,-0.814692757938,0.823155666809,2.87590534223,0.724706930388,1.39520352685,0.37507,B
MLC3794463044,0,0,34999,B,B,True,1.42139274638,compatible_directamente,-0.238234122265,-0.814692757938,0.823155666809,2.87590534223,0.724706930388,1.39520352685,0.37507,B
MLC3794506296,0,0,34999,B,B,True,1.42139274638,compatible_directamente,-0.238234122265,-0.814692757938,0.823155666809,2.87590534223,0.724706930388,1.39520352685,0.37507,B
MLC3794506328,0,0,34999,B,B,True,1.42139274638,compatible_directamente,-0.238234122265,-0.814692757938,0.823155666809,2.87590534223,0.724706930388,1.39520352685,0.37507,B
MLC3794506364,0,0,34999,B,B,True,1.42139274638,compatible_directamente,-0.238234122265,-0.814692757938,0.823155666809,2.87590534223,0.724706930388,1.39520352685,0.37507,B
MLC3794517754,0,0,34999,B,B,True,1.42139274638,compatible_directamente,-0.238234122265,-0.814692757938,0.823155666809,2.87590534223,0.724706930388,1.39520352685,0.37507,B
MLC3794517774,0,0,34999,B,B,True,1.42139274638,compatible_directamente,-0.238234122265,-0.814692757938,0.823155666809,2.87590534223,0.724706930388,1.39520352685,0.37507,B
MLC3794517790,0,0,34999,B,B,True,1.42139274638,compatible_directamente,-0.238234122265,-0.814692757938,0.823155666809,2.87590534223,0.724706930388,1.39520352685,0.37507,B
MLC3794517792,0,0,34999,B,B,True,1.42139274638,compatible_directamente,-0.238234122265,-0.814692757938,0.823155666809,2.87590534223,0.724706930388,1.39520352685,0.37507,B
MLC3794517802,0,0,34999,B,B,True,1.42139274638,compatible_directamente,-0.238234122265,-0.814692757938,0.823155666809,2.87590534223,0.724706930388,1.39520352685,0.37507,B
MLC3794517836,0,0,34999,B,B,True,1.42139274638,compatible_directamente,-0.238234122265,-0.814692757938,0.823155666809,2.87590534223,0.724706930388,1.39520352685,0.37507,B
MLC1919340749,0,0,32999,B,B,True,0.903352214831,compatible_directamente,-0.238234122265,-0.814692757938,0.669179637652,2.81493918716,0.805108963326,1.24561336604,0.350073,C
MLC1919392237,0,0,32999,B,B,True,0.903352214831,compatible_directamente,-0.238234122265,-0.814692757938,0.669179637652,2.81493918716,0.805108963326,1.24561336604,0.350073,C
MLC1919405253,0,0,32999,B,B,True,0.903352214831,compatible_directamente,-0.238234122265,-0.814692757938,0.669179637652,2.81493918716,0.805108963326,1.24561336604,0.350073,C
MLC1919418315,0,0,32999,B,B,True,0.903352214831,compatible_directamente,-0.238234122265,-0.814692757938,0.669179637652,2.81493918716,0.805108963326,1.24561336604,0.350073,C
MLC3856850190,0,0,32999,B,B,True,0.903352214831,compatible_directamente,-0.238234122265,-0.814692757938,0.669179637652,2.81493918716,0.805108963326,1.24561336604,0.350073,C
MLC3856872022,0,0,32999,B,B,True,0.903352214831,compatible_directamente,-0.238234122265,-0.814692757938,0.669179637652,2.81493918716,0.805108963326,1.24561336604,0.350073,C
MLC3856897664,0,0,32999,B,B,True,0.903352214831,compatible_directamente,-0.238234122265,-0.814692757938,0.669179637652,2.81493918716,0.805108963326,1.24561336604,0.350073,C
MLC3856935170,0,0,32999,B,B,True,0.903352214831,compatible_directamente,-0.238234122265,-0.814692757938,0.669179637652,2.81493918716,0.805108963326,1.24561336604,0.350073,C
MLC3856956764,0,0,32999,B,B,True,0.903352214831,compatible_directamente,-0.238234122265,-0.814692757938,0.669179637652,2.81493918716,0.805108963326,1.24561336604,0.350073,C
MLC1887635501,0,0,29999,B,B,True,0.12629141751,compatible_directamente,-0.238234122265,-0.814692757938,0.438215593915,2.73721876697,0.960004281487,1.02366969184,0.312577,C
MLC1887635537,0,0,29999,B,B,True,0.12629141751,compatible_directamente,-0.238234122265,-0.814692757938,0.438215593915,2.73721876697,0.960004281487,1.02366969184,0.312577,C
MLC1887635749,0,0,29999,B,B,True,0.12629141751,compatible_directamente,-0.238234122265,-0.814692757938,0.438215593915,2.73721876697,0.960004281487,1.02366969184,0.312577,C
MLC1887685147,0,0,29999,B,B,True,0.12629141751,compatible_directamente,-0.238234122265,-0.814692757938,0.438215593915,2.73721876697,0.960004281487,1.02366969184,0.312577,C
MLC1887698065,0,0,29999,B,B,True,0.12629141751,compatible_directamente,-0.238234122265,-0.814692757938,0.438215593915,2.73721876697,0.960004281487,1.02366969184,0.312577,C
MLC1898810345,0,0,29999,B,B,True,0.12629141751,compatible_directamente,-0.238234122265,-0.814692757938,0.438215593915,2.73721876697,0.960004281487,1.02366969184,0.312577,C
MLC1898810395,0,0,29999,B,B,True,0.12629141751,compatible_directamente,-0.238234122265,-0.814692757938,0.438215593915,2.73721876697,0.960004281487,1.02366969184,0.312577,C
MLC1919340765,0,0,29999,B,B,True,0.12629141751,compatible_directamente,-0.238234122265,-0.814692757938,0.438215593915,2.73721876697,0.960004281487,1.02366969184,0.312577,C
MLC1919340769,0,0,29999,B,B,True,0.12629141751,compatible_directamente,-0.238234122265,-0.814692757938,0.438215593915,2.73721876697,0.960004281487,1.02366969184,0.312577,C
MLC1919366323,0,0,29999,B,B,True,0.12629141751,compatible_directamente,-0.238234122265,-0.814692757938,0.438215593915,2.73721876697,0.960004281487,1.02366969184,0.312577,C
MLC1919392243,0,0,29999,B,B,True,0.12629141751,compatible_directamente,-0.238234122265,-0.814692757938,0.438215593915,2.73721876697,0.960004281487,1.02366969184,0.312577,C
MLC1919405265,0,0,29999,B,B,True,0.12629141751,compatible_directamente,-0.238234122265,-0.814692757938,0.438215593915,2.73721876697,0.960004281487,1.02366969184,0.312577,C
MLC1919405299,0,0,29999,B,B,True,0.12629141751,compatible_directamente,-0.238234122265,-0.814692757938,0.438215593915,2.73721876697,0.960004281487,1.02366969184,0.312577,C
MLC3765170482,0,0,29999,B,B,True,0.12629141751,compatible_directamente,-0.238234122265,-0.814692757938,0.438215593915,2.73721876697,0.960004281487,1.02366969184,0.312577,C
MLC3794462980,0,0,29999,B,B,True,0.12629141751,compatible_directamente,-0.238234122265,-0.814692757938,0.438215593915,2.73721876697,0.960004281487,1.02366969184,0.312577,C
MLC3794463010,0,0,29999,B,B,True,0.12629141751,compatible_directamente,-0.238234122265,-0.814692757938,0.438215593915,2.73721876697,0.960004281487,1.02366969184,0.312577,C
MLC3794463080,0,0,29999,B,B,True,0.12629141751,compatible_directamente,-0.238234122265,-0.814692757938,0.438215593915,2.73721876697,0.960004281487,1.02366969184,0.312577,C
MLC3794463090,0,0,29999,B,B,True,0.12629141751,compatible_directamente,-0.238234122265,-0.814692757938,0.438215593915,2.73721876697,0.960004281487,1.02366969184,0.312577,C
MLC3794493556,0,0,29999,B,B,True,0.12629141751,compatible_directamente,-0.238234122265,-0.814692757938,0.438215593915,2.73721876697,0.960004281487,1.02366969184,0.312577,C
MLC3794493582,0,0,29999,B,B,True,0.12629141751,compatible_directamente,-0.238234122265,-0.814692757938,0.438215593915,2.73721876697,0.960004281487,1.02366969184,0.312577,C
MLC3794493600,0,0,29999,B,B,True,0.12629141751,compatible_directamente,-0.238234122265,-0.814692757938,0.438215593915,2.73721876697,0.960004281487,1.02366969184,0.312577,C
MLC3794493642,0,0,29999,B,B,True,0.12629141751,compatible_directamente,-0.238234122265,-0.814692757938,0.438215593915,2.73721876697,0.960004281487,1.02366969184,0.312577,C
MLC3794493652,0,0,29999,B,B,True,0.12629141751,compatible_directamente,-0.238234122265,-0.814692757938,0.438215593915,2.73721876697,0.960004281487,1.02366969184,0.312577,C
MLC3794506298,0,0,29999,B,B,True,0.12629141751,compatible_directamente,-0.238234122265,-0.814692757938,0.438215593915,2.73721876697,0.960004281487,1.02366969184,0.312577,C
MLC3794506336,0,0,29999,B,B,True,0.12629141751,compatible_directamente,-0.238234122265,-0.814692757938,0.438215593915,2.73721876697,0.960004281487,1.02366969184,0.312577,C
MLC3794517782,0,0,29999,B,B,True,0.12629141751,compatible_directamente,-0.238234122265,-0.814692757938,0.438215593915,2.73721876697,0.960004281487,1.02366969184,0.312577,C
MLC3794517810,0,0,29999,B,B,True,0.12629141751,compatible_directamente,-0.238234122265,-0.814692757938,0.438215593915,2.73721876697,0.960004281487,1.02366969184,0.312577,C
MLC3794517832,0,0,29999,B,B,True,0.12629141751,compatible_directamente,-0.238234122265,-0.814692757938,0.438215593915,2.73721876697,0.960004281487,1.02366969184,0.312577,C
MLC3856897656,0,0,29999,B,B,True,0.12629141751,compatible_directamente,-0.238234122265,-0.814692757938,0.438215593915,2.73721876697,0.960004281487,1.02366969184,0.312577,C
MLC3856897732,0,0,29999,B,B,True,0.12629141751,compatible_directamente,-0.238234122265,-0.814692757938,0.438215593915,2.73721876697,0.960004281487,1.02366969184,0.312577,C
MLC3856909398,0,0,29999,B,B,True,0.12629141751,compatible_directamente,-0.238234122265,-0.814692757938,0.438215593915,2.73721876697,0.960004281487,1.02366969184,0.312577,C
MLC3856935196,0,0,29999,B,B,True,0.12629141751,compatible_directamente,-0.238234122265,-0.814692757938,0.438215593915,2.73721876697,0.960004281487,1.02366969184,0.312577,C
MLC1887698135,0,3,19999,C,C,True,1.62958066691,compatible_directamente,-0.238234122265,0.424433837639,-0.331664551873,1.61335903092,1.59074453493,0.94915094084,0.428313,B
MLC1887698147,0,3,19999,C,C,True,1.62958066691,compatible_directamente,-0.238234122265,0.424433837639,-0.331664551873,1.61335903092,1.59074453493,0.94915094084,0.428313,B
MLC3765157692,0,3,19999,C,C,True,1.62958066691,compatible_directamente,-0.238234122265,0.424433837639,-0.331664551873,1.61335903092,1.59074453493,0.94915094084,0.428313,B
MLC3765192182,0,3,19999,C,C,True,1.62958066691,compatible_directamente,-0.238234122265,0.424433837639,-0.331664551873,1.61335903092,1.59074453493,0.94915094084,0.428313,B
MLC3765241600,0,3,19999,C,C,True,1.62958066691,compatible_directamente,-0.238234122265,0.424433837639,-0.331664551873,1.61335903092,1.59074453493,0.94915094084,0.428313,B
MLC3794462996,0,3,19999,C,C,True,1.62958066691,compatible_directamente,-0.238234122265,0.424433837639,-0.331664551873,1.61335903092,1.59074453493,0.94915094084,0.428313,B
MLC3794463040,0,3,19999,C,C,True,1.62958066691,compatible_directamente,-0.238234122265,0.424433837639,-0.331664551873,1.61335903092,1.59074453493,0.94915094084,0.428313,B
MLC1882021599,0,3,10999,C,C,True,1.91845076559,compatible_directamente,-0.238234122265,0.424433837639,-1.02455668308,1.73649062164,2.24893574215,1.0473532897,0.315826,C
MLC1919379179,0,3,9999,C,C,True,1.94249642242,compatible_directamente,-0.238234122265,0.424433837639,-1.10154469766,1.76649412122,2.32331409468,1.08535941415,0.303327,C
MLC3856897788,0,3,9999,C,C,True,1.94249642242,compatible_directamente,-0.238234122265,0.424433837639,-1.10154469766,1.76649412122,2.32331409468,1.08535941415,0.303327,C
MLC3946823992,0,3,9999,C,C,True,1.94249642242,compatible_directamente,-0.238234122265,0.424433837639,-1.10154469766,1.76649412122,2.32331409468,1.08535941415,0.303327,C
MLC4031965378,0,3,9999,C,C,True,1.94249642242,compatible_directamente,-0.238234122265,0.424433837639,-1.10154469766,1.76649412122,2.32331409468,1.08535941415,0.303327,C
MLC1946989121,0,3,4999,C,C,True,2.06272470655,compatible_directamente,-0.238234122265,0.424433837639,-1.48648477056,1.95546033411,2.69740339313,1.32706458461,0.240834,C
MLC3738085764,0,3,4999,C,C,True,2.06272470655,compatible_directamente,-0.238234122265,0.424433837639,-1.48648477056,1.95546033411,2.69740339313,1.32706458461,0.240834,C
MLC1887685193,0,2,24999,C,C,True,0.5076185754,compatible_directamente,-0.238234122265,0.16729183588,0.0532755210212,1.84722086159,1.14192387282,0.89239652393,0.440852,B
MLC1898810349,0,2,24999,C,C,True,0.5076185754,compatible_directamente,-0.238234122265,0.16729183588,0.0532755210212,1.84722086159,1.14192387282,0.89239652393,0.440852,B
MLC3765170468,0,2,24999,C,C,True,0.5076185754,compatible_directamente,-0.238234122265,0.16729183588,0.0532755210212,1.84722086159,1.14192387282,0.89239652393,0.440852,B
MLC3794506300,0,2,24999,C,C,True,0.5076185754,compatible_directamente,-0.238234122265,0.16729183588,0.0532755210212,1.84722086159,1.14192387282,0.89239652393,0.440852,B
MLC3794517760,0,2,24999,C,C,True,0.5076185754,compatible_directamente,-0.238234122265,0.16729183588,0.0532755210212,1.84722086159,1.14192387282,0.89239652393,0.440852,B
MLC3794517770,0,2,24999,C,C,True,0.5076185754,compatible_directamente,-0.238234122265,0.16729183588,0.0532755210212,1.84722086159,1.14192387282,0.89239652393,0.440852,B
MLC3794517780,0,2,24999,C,C,True,0.5076185754,compatible_directamente,-0.238234122265,0.16729183588,0.0532755210212,1.84722086159,1.14192387282,0.89239652393,0.440852,B
MLC3794517820,0,2,24999,C,C,True,0.5076185754,compatible_directamente,-0.238234122265,0.16729183588,0.0532755210212,1.84722086159,1.14192387282,0.89239652393,0.440852,B
MLC1878053449,0,2,19999,C,C,True,1.80271990427,compatible_directamente,-0.238234122265,0.16729183588,-0.331664551873,1.7962392355,1.51430302639,0.70028119456,0.378359,B
MLC1878053659,0,2,19999,C,C,True,1.80271990427,compatible_directamente,-0.238234122265,0.16729183588,-0.331664551873,1.7962392355,1.51430302639,0.70028119456,0.378359,B
MLC1887685131,0,2,19999,C,C,True,1.80271990427,compatible_directamente,-0.238234122265,0.16729183588,-0.331664551873,1.7962392355,1.51430302639,0.70028119456,0.378359,B
MLC1887685373,0,2,19999,C,C,True,1.80271990427,compatible_directamente,-0.238234122265,0.16729183588,-0.331664551873,1.7962392355,1.51430302639,0.70028119456,0.378359,B
MLC1887698129,0,2,19999,C,C,True,1.80271990427,compatible_directamente,-0.238234122265,0.16729183588,-0.331664551873,1.7962392355,1.51430302639,0.70028119456,0.378359,B
MLC1887710933,0,2,19999,C,C,True,1.80271990427,compatible_directamente,-0.238234122265,0.16729183588,-0.331664551873,1.7962392355,1.51430302639,0.70028119456,0.378359,B
MLC1887757203,0,2,19999,C,C,True,1.80271990427,compatible_directamente,-0.238234122265,0.16729183588,-0.331664551873,1.7962392355,1.51430302639,0.70028119456,0.378359,B
MLC1898810315,0,2,19999,C,C,True,1.80271990427,compatible_directamente,-0.238234122265,0.16729183588,-0.331664551873,1.7962392355,1.51430302639,0.70028119456,0.378359,B
MLC3765192246,0,2,19999,C,C,True,1.80271990427,compatible_directamente,-0.238234122265,0.16729183588,-0.331664551873,1.7962392355,1.51430302639,0.70028119456,0.378359,B
MLC3765241288,0,2,19999,C,C,True,1.80271990427,compatible_directamente,-0.238234122265,0.16729183588,-0.331664551873,1.7962392355,1.51430302639,0.70028119456,0.378359,B
MLC3765241294,0,2,19999,C,C,True,1.80271990427,compatible_directamente,-0.238234122265,0.16729183588,-0.331664551873,1.7962392355,1.51430302639,0.70028119456,0.378359,B
MLC3765241314,0,2,19999,C,C,True,1.80271990427,compatible_directamente,-0.238234122265,0.16729183588,-0.331664551873,1.7962392355,1.51430302639,0.70028119456,0.378359,B
MLC3765241450,0,2,19999,C,C,True,1.80271990427,compatible_directamente,-0.238234122265,0.16729183588,-0.331664551873,1.7962392355,1.51430302639,0.70028119456,0.378359,B
MLC3794463072,0,2,19999,C,C,True,1.80271990427,compatible_directamente,-0.238234122265,0.16729183588,-0.331664551873,1.7962392355,1.51430302639,0.70028119456,0.378359,B
MLC3794517818,0,2,19999,C,C,True,1.80271990427,compatible_directamente,-0.238234122265,0.16729183588,-0.331664551873,1.7962392355,1.51430302639,0.70028119456,0.378359,B
MLC3824629306,0,2,19999,C,C,True,1.80271990427,compatible_directamente,-0.238234122265,0.16729183588,-0.331664551873,1.7962392355,1.51430302639,0.70028119456,0.378359,B
MLC1887698113,0,2,14999,C,C,True,2.85630992384,compatible_directamente,-0.238234122265,0.16729183588,-0.716604624767,1.82676861979,1.89171744707,0.693378443872,0.315866,C
MLC3856871922,0,2,13999,C,C,True,2.88035558066,compatible_directamente,-0.238234122265,0.16729183588,-0.793592639346,1.8424896625,1.96755027246,0.717225610079,0.303368,C
MLC1878110377,0,2,9999,C,C,True,2.97653820797,compatible_directamente,-0.238234122265,0.16729183588,-1.10154469766,1.93495465291,2.27165883505,0.876077223102,0.253373,C
MLC1882039995,0,2,9999,C,C,True,2.97653820797,compatible_directamente,-0.238234122265,0.16729183588,-1.10154469766,1.93495465291,2.27165883505,0.876077223102,0.253373,C
MLC1887685457,0,2,9999,C,C,True,2.97653820797,compatible_directamente,-0.238234122265,0.16729183588,-1.10154469766,1.93495465291,2.27165883505,0.876077223102,0.253373,C
MLC1887757439,0,2,9999,C,C,True,2.97653820797,compatible_directamente,-0.238234122265,0.16729183588,-1.10154469766,1.93495465291,2.27165883505,0.876077223102,0.253373,C
MLC1887757469,0,2,9999,C,C,True,2.97653820797,compatible_directamente,-0.238234122265,0.16729183588,-1.10154469766,1.93495465291,2.27165883505,0.876077223102,0.253373,C
MLC1919366391,0,2,9999,C,C,True,2.97653820797,compatible_directamente,-0.238234122265,0.16729183588,-1.10154469766,1.93495465291,2.27165883505,0.876077223102,0.253373,C
MLC3765157646,0,2,9999,C,C,True,2.97653820797,compatible_directamente,-0.238234122265,0.16729183588,-1.10154469766,1.93495465291,2.27165883505,0.876077223102,0.253373,C
MLC3765157834,0,2,9999,C,C,True,2.97653820797,compatible_directamente,-0.238234122265,0.16729183588,-1.10154469766,1.93495465291,2.27165883505,0.876077223102,0.253373,C
MLC3765179456,0,2,9999,C,C,True,2.97653820797,compatible_directamente,-0.238234122265,0.16729183588,-1.10154469766,1.93495465291,2.27165883505,0.876077223102,0.253373,C
MLC3765192188,0,2,9999,C,C,True,2.97653820797,compatible_directamente,-0.238234122265,0.16729183588,-1.10154469766,1.93495465291,2.27165883505,0.876077223102,0.253373,C
MLC3794493654,0,2,9999,C,C,True,2.97653820797,compatible_directamente,-0.238234122265,0.16729183588,-1.10154469766,1.93495465291,2.27165883505,0.876077223102,0.253373,C
MLC3936734218,0,2,5499,C,C,True,3.08474366368,compatible_directamente,-0.238234122265,0.16729183588,-1.44799076327,2.08894822473,2.61485655054,1.13091158891,0.197129,C
MLC1882033427,0,2,4999,C,C,True,3.0967664921,compatible_directamente,-0.238234122265,0.16729183588,-1.48648477056,2.10887959514,2.65304175345,1.16215603715,0.19088,C
MLC1946989115,0,2,4999,C,C,True,3.0967664921,compatible_directamente,-0.238234122265,0.16729183588,-1.48648477056,2.10887959514,2.65304175345,1.16215603715,0.19088,C
MLC1947001665,0,2,4999,C,C,True,3.0967664921,compatible_directamente,-0.238234122265,0.16729183588,-1.48648477056,2.10887959514,2.65304175345,1.16215603715,0.19088,C
MLC1955676897,0,2,4999,C,C,True,3.0967664921,compatible_directamente,-0.238234122265,0.16729183588,-1.48648477056,2.10887959514,2.65304175345,1.16215603715,0.19088,C
MLC3945755342,0,2,4999,C,C,True,3.0967664921,compatible_directamente,-0.238234122265,0.16729183588,-1.48648477056,2.10887959514,2.65304175345,1.16215603715,0.19088,C
MLC3994367164,0,2,4999,C,C,True,3.0967664921,compatible_directamente,-0.238234122265,0.16729183588,-1.48648477056,2.10887959514,2.65304175345,1.16215603715,0.19088,C
MLC1887710777,0,1,24999,C,C,True,0.751644624699,compatible_directamente,-0.238234122265,-0.19512946015,0.0532755210212,2.12499633664,1.09270337158,0.665098514173,0.370445,B
MLC1898810329,0,1,24999,C,C,True,0.751644624699,compatible_directamente,-0.238234122265,-0.19512946015,0.0532755210212,2.12499633664,1.09270337158,0.665098514173,0.370445,B
MLC1898810353,0,1,24999,C,C,True,0.751644624699,compatible_directamente,-0.238234122265,-0.19512946015,0.0532755210212,2.12499633664,1.09270337158,0.665098514173,0.370445,B
MLC1898810381,0,1,24999,C,C,True,0.751644624699,compatible_directamente,-0.238234122265,-0.19512946015,0.0532755210212,2.12499633664,1.09270337158,0.665098514173,0.370445,B
MLC1919366301,0,1,24999,C,C,True,0.751644624699,compatible_directamente,-0.238234122265,-0.19512946015,0.0532755210212,2.12499633664,1.09270337158,0.665098514173,0.370445,B
MLC1919379159,0,1,24999,C,C,True,0.751644624699,compatible_directamente,-0.238234122265,-0.19512946015,0.0532755210212,2.12499633664,1.09270337158,0.665098514173,0.370445,B
MLC1919392249,0,1,24999,C,C,True,0.751644624699,compatible_directamente,-0.238234122265,-0.19512946015,0.0532755210212,2.12499633664,1.09270337158,0.665098514173,0.370445,B
MLC1919418283,0,1,24999,C,C,True,0.751644624699,compatible_directamente,-0.238234122265,-0.19512946015,0.0532755210212,2.12499633664,1.09270337158,0.665098514173,0.370445,B
MLC3765179266,0,1,24999,C,C,True,0.751644624699,compatible_directamente,-0.238234122265,-0.19512946015,0.0532755210212,2.12499633664,1.09270337158,0.665098514173,0.370445,B
MLC3765179358,0,1,24999,C,C,True,0.751644624699,compatible_directamente,-0.238234122265,-0.19512946015,0.0532755210212,2.12499633664,1.09270337158,0.665098514173,0.370445,B
MLC3794463012,0,1,24999,C,C,True,0.751644624699,compatible_directamente,-0.238234122265,-0.19512946015,0.0532755210212,2.12499633664,1.09270337158,0.665098514173,0.370445,B
MLC3794463026,0,1,24999,C,C,True,0.751644624699,compatible_directamente,-0.238234122265,-0.19512946015,0.0532755210212,2.12499633664,1.09270337158,0.665098514173,0.370445,B
MLC3794463038,0,1,24999,C,C,True,0.751644624699,compatible_directamente,-0.238234122265,-0.19512946015,0.0532755210212,2.12499633664,1.09270337158,0.665098514173,0.370445,B
MLC3794493596,0,1,24999,C,C,True,0.751644624699,compatible_directamente,-0.238234122265,-0.19512946015,0.0532755210212,2.12499633664,1.09270337158,0.665098514173,0.370445,B
MLC3794517744,0,1,24999,C,C,True,0.751644624699,compatible_directamente,-0.238234122265,-0.19512946015,0.0532755210212,2.12499633664,1.09270337158,0.665098514173,0.370445,B
MLC3794517752,0,1,24999,C,C,True,0.751644624699,compatible_directamente,-0.238234122265,-0.19512946015,0.0532755210212,2.12499633664,1.09270337158,0.665098514173,0.370445,B
MLC3856871944,0,1,24999,C,C,True,0.751644624699,compatible_directamente,-0.238234122265,-0.19512946015,0.0532755210212,2.12499633664,1.09270337158,0.665098514173,0.370445,B
MLC3856871982,0,1,24999,C,C,True,0.751644624699,compatible_directamente,-0.238234122265,-0.19512946015,0.0532755210212,2.12499633664,1.09270337158,0.665098514173,0.370445,C
MLC3856872036,0,1,24999,C,C,True,0.751644624699,compatible_directamente,-0.238234122265,-0.19512946015,0.0532755210212,2.12499633664,1.09270337158,0.665098514173,0.370445,C
MLC3856885018,0,1,24999,C,C,True,0.751644624699,compatible_directamente,-0.238234122265,-0.19512946015,0.0532755210212,2.12499633664,1.09270337158,0.665098514173,0.370445,C
MLC3856935088,0,1,24999,C,C,True,0.751644624699,compatible_directamente,-0.238234122265,-0.19512946015,0.0532755210212,2.12499633664,1.09270337158,0.665098514173,0.370445,C
MLC3856935122,0,1,24999,C,C,True,0.751644624699,compatible_directamente,-0.238234122265,-0.19512946015,0.0532755210212,2.12499633664,1.09270337158,0.665098514173,0.370445,C
MLC3856969750,0,1,23999,C,C,True,1.01066489047,compatible_directamente,-0.238234122265,-0.19512946015,-0.0237124935576,2.11062808404,1.16966522799,0.597872775017,0.357947,C
MLC1887757337,0,1,22999,C,C,True,1.26968515625,compatible_directamente,-0.238234122265,-0.19512946015,-0.100700508136,2.09898706434,1.24663031476,0.533293526526,0.345448,C
MLC1887710903,0,1,21999,C,C,True,1.52870542202,compatible_directamente,-0.238234122265,-0.19512946015,-0.177688522715,2.09011884643,1.32359806836,0.472447271705,0.33295,C
MLC3856837244,0,1,20999,C,C,True,1.78772568779,compatible_directamente,-0.238234122265,-0.19512946015,-0.254676537294,2.08405882761,1.40056804912,0.416971428788,0.320451,C
MLC3856922474,0,1,20999,C,C,True,1.78772568779,compatible_directamente,-0.238234122265,-0.19512946015,-0.254676537294,2.08405882761,1.40056804912,0.416971428788,0.320451,C
MLC3856935110,0,1,20999,C,C,True,1.78772568779,compatible_directamente,-0.238234122265,-0.19512946015,-0.254676537294,2.08405882761,1.40056804912,0.416971428788,0.320451,C
MLC3856935126,0,1,20999,C,C,True,1.78772568779,compatible_directamente,-0.238234122265,-0.19512946015,-0.254676537294,2.08405882761,1.40056804912,0.416971428788,0.320451,C
MLC1878041405,0,1,19999,C,C,True,2.04674595357,compatible_directamente,-0.238234122265,-0.19512946015,-0.331664551873,2.08083154302,1.47753990899,0.36929423105,0.307952,C
MLC1887672303,0,1,19999,C,C,True,2.04674595357,compatible_directamente,-0.238234122265,-0.19512946015,-0.331664551873,2.08083154302,1.47753990899,0.36929423105,0.307952,C
MLC1887672347,0,1,19999,C,C,True,2.04674595357,compatible_directamente,-0.238234122265,-0.19512946015,-0.331664551873,2.08083154302,1.47753990899,0.36929423105,0.307952,C
MLC1887685155,0,1,19999,C,C,True,2.04674595357,compatible_directamente,-0.238234122265,-0.19512946015,-0.331664551873,2.08083154302,1.47753990899,0.36929423105,0.307952,C
MLC1887685399,0,1,19999,C,C,True,2.04674595357,compatible_directamente,-0.238234122265,-0.19512946015,-0.331664551873,2.08083154302,1.47753990899,0.36929423105,0.307952,C
MLC1887685433,0,1,19999,C,C,True,2.04674595357,compatible_directamente,-0.238234122265,-0.19512946015,-0.331664551873,2.08083154302,1.47753990899,0.36929423105,0.307952,C
MLC1887685447,0,1,19999,C,C,True,2.04674595357,compatible_directamente,-0.238234122265,-0.19512946015,-0.331664551873,2.08083154302,1.47753990899,0.36929423105,0.307952,C
MLC1887698041,0,1,19999,C,C,True,2.04674595357,compatible_directamente,-0.238234122265,-0.19512946015,-0.331664551873,2.08083154302,1.47753990899,0.36929423105,0.307952,C
MLC1887698051,0,1,19999,C,C,True,2.04674595357,compatible_directamente,-0.238234122265,-0.19512946015,-0.331664551873,2.08083154302,1.47753990899,0.36929423105,0.307952,C
MLC1887698239,0,1,19999,C,C,True,2.04674595357,compatible_directamente,-0.238234122265,-0.19512946015,-0.331664551873,2.08083154302,1.47753990899,0.36929423105,0.307952,C
MLC1887698261,0,1,19999,C,C,True,2.04674595357,compatible_directamente,-0.238234122265,-0.19512946015,-0.331664551873,2.08083154302,1.47753990899,0.36929423105,0.307952,C
MLC1887710771,0,1,19999,C,C,True,2.04674595357,compatible_directamente,-0.238234122265,-0.19512946015,-0.331664551873,2.08083154302,1.47753990899,0.36929423105,0.307952,C
MLC1887710779,0,1,19999,C,C,True,2.04674595357,compatible_directamente,-0.238234122265,-0.19512946015,-0.331664551873,2.08083154302,1.47753990899,0.36929423105,0.307952,C
MLC1887711019,0,1,19999,C,C,True,2.04674595357,compatible_directamente,-0.238234122265,-0.19512946015,-0.331664551873,2.08083154302,1.47753990899,0.36929423105,0.307952,C
MLC1887757167,0,1,19999,C,C,True,2.04674595357,compatible_directamente,-0.238234122265,-0.19512946015,-0.331664551873,2.08083154302,1.47753990899,0.36929423105,0.307952,C
MLC1887757355,0,1,19999,C,C,True,2.04674595357,compatible_directamente,-0.238234122265,-0.19512946015,-0.331664551873,2.08083154302,1.47753990899,0.36929423105,0.307952,C
MLC1887757431,0,1,19999,C,C,True,2.04674595357,compatible_directamente,-0.238234122265,-0.19512946015,-0.331664551873,2.08083154302,1.47753990899,0.36929423105,0.307952,C
MLC1898810359,0,1,19999,C,C,True,2.04674595357,compatible_directamente,-0.238234122265,-0.19512946015,-0.331664551873,2.08083154302,1.47753990899,0.36929423105,0.307952,C
MLC1898810365,0,1,19999,C,C,True,2.04674595357,compatible_directamente,-0.238234122265,-0.19512946015,-0.331664551873,2.08083154302,1.47753990899,0.36929423105,0.307952,C
MLC1898810407,0,1,19999,C,C,True,2.04674595357,compatible_directamente,-0.238234122265,-0.19512946015,-0.331664551873,2.08083154302,1.47753990899,0.36929423105,0.307952,C
MLC1919379173,0,1,19999,C,C,True,2.04674595357,compatible_directamente,-0.238234122265,-0.19512946015,-0.331664551873,2.08083154302,1.47753990899,0.36929423105,0.307952,C
MLC1919392265,0,1,19999,C,C,True,2.04674595357,compatible_directamente,-0.238234122265,-0.19512946015,-0.331664551873,2.08083154302,1.47753990899,0.36929423105,0.307952,C
MLC1919405235,0,1,19999,C,C,True,2.04674595357,compatible_directamente,-0.238234122265,-0.19512946015,-0.331664551873,2.08083154302,1.47753990899,0.36929423105,0.307952,C
MLC3765157922,0,1,19999,C,C,True,2.04674595357,compatible_directamente,-0.238234122265,-0.19512946015,-0.331664551873,2.08083154302,1.47753990899,0.36929423105,0.307952,C
MLC3765170186,0,1,19999,C,C,True,2.04674595357,compatible_directamente,-0.238234122265,-0.19512946015,-0.331664551873,2.08083154302,1.47753990899,0.36929423105,0.307952,C
MLC3765192356,0,1,19999,C,C,True,2.04674595357,compatible_directamente,-0.238234122265,-0.19512946015,-0.331664551873,2.08083154302,1.47753990899,0.36929423105,0.307952,C
MLC3794462978,0,1,19999,C,C,True,2.04674595357,compatible_directamente,-0.238234122265,-0.19512946015,-0.331664551873,2.08083154302,1.47753990899,0.36929423105,0.307952,C
MLC3794462986,0,1,19999,C,C,True,2.04674595357,compatible_directamente,-0.238234122265,-0.19512946015,-0.331664551873,2.08083154302,1.47753990899,0.36929423105,0.307952,C
MLC3794462992,0,1,19999,C,C,True,2.04674595357,compatible_directamente,-0.238234122265,-0.19512946015,-0.331664551873,2.08083154302,1.47753990899,0.36929423105,0.307952,C
MLC3794463054,0,1,19999,C,C,True,2.04674595357,compatible_directamente,-0.238234122265,-0.19512946015,-0.331664551873,2.08083154302,1.47753990899,0.36929423105,0.307952,C
MLC3794463058,0,1,19999,C,C,True,2.04674595357,compatible_directamente,-0.238234122265,-0.19512946015,-0.331664551873,2.08083154302,1.47753990899,0.36929423105,0.307952,C
MLC3794463076,0,1,19999,C,C,True,2.04674595357,compatible_directamente,-0.238234122265,-0.19512946015,-0.331664551873,2.08083154302,1.47753990899,0.36929423105,0.307952,C
MLC3794463078,0,1,19999,C,C,True,2.04674595357,compatible_directamente,-0.238234122265,-0.19512946015,-0.331664551873,2.08083154302,1.47753990899,0.36929423105,0.307952,C
MLC3794493564,0,1,19999,C,C,True,2.04674595357,compatible_directamente,-0.238234122265,-0.19512946015,-0.331664551873,2.08083154302,1.47753990899,0.36929423105,0.307952,C
MLC3794493580,0,1,19999,C,C,True,2.04674595357,compatible_directamente,-0.238234122265,-0.19512946015,-0.331664551873,2.08083154302,1.47753990899,0.36929423105,0.307952,C
MLC3794493604,0,1,19999,C,C,True,2.04674595357,compatible_directamente,-0.238234122265,-0.19512946015,-0.331664551873,2.08083154302,1.47753990899,0.36929423105,0.307952,C
MLC3794493640,0,1,19999,C,C,True,2.04674595357,compatible_directamente,-0.238234122265,-0.19512946015,-0.331664551873,2.08083154302,1.47753990899,0.36929423105,0.307952,C
MLC3794493650,0,1,19999,C,C,True,2.04674595357,compatible_directamente,-0.238234122265,-0.19512946015,-0.331664551873,2.08083154302,1.47753990899,0.36929423105,0.307952,C
MLC3794493658,0,1,19999,C,C,True,2.04674595357,compatible_directamente,-0.238234122265,-0.19512946015,-0.331664551873,2.08083154302,1.47753990899,0.36929423105,0.307952,C
MLC3794506358,0,1,19999,C,C,True,2.04674595357,compatible_directamente,-0.238234122265,-0.19512946015,-0.331664551873,2.08083154302,1.47753990899,0.36929423105,0.307952,C
MLC3794506382,0,1,19999,C,C,True,2.04674595357,compatible_directamente,-0.238234122265,-0.19512946015,-0.331664551873,2.08083154302,1.47753990899,0.36929423105,0.307952,C
MLC3794517772,0,1,19999,C,C,True,2.04674595357,compatible_directamente,-0.238234122265,-0.19512946015,-0.331664551873,2.08083154302,1.47753990899,0.36929423105,0.307952,C
MLC3794517814,0,1,19999,C,C,True,2.04674595357,compatible_directamente,-0.238234122265,-0.19512946015,-0.331664551873,2.08083154302,1.47753990899,0.36929423105,0.307952,C
MLC3856884982,0,1,19999,C,C,True,2.04674595357,compatible_directamente,-0.238234122265,-0.19512946015,-0.331664551873,2.08083154302,1.47753990899,0.36929423105,0.307952,C
MLC3856897742,0,1,19999,C,C,True,2.04674595357,compatible_directamente,-0.238234122265,-0.19512946015,-0.331664551873,2.08083154302,1.47753990899,0.36929423105,0.307952,C
MLC3856935082,0,1,19999,C,C,True,2.04674595357,compatible_directamente,-0.238234122265,-0.19512946015,-0.331664551873,2.08083154302,1.47753990899,0.36929423105,0.307952,C
MLC3856935166,0,1,19999,C,C,True,2.04674595357,compatible_directamente,-0.238234122265,-0.19512946015,-0.331664551873,2.08083154302,1.47753990899,0.36929423105,0.307952,C
MLC3856943750,0,1,19999,C,C,True,2.04674595357,compatible_directamente,-0.238234122265,-0.19512946015,-0.331664551873,2.08083154302,1.47753990899,0.36929423105,0.307952,C
MLC3856956722,0,1,19999,C,C,True,2.04674595357,compatible_directamente,-0.238234122265,-0.19512946015,-0.331664551873,2.08083154302,1.47753990899,0.36929423105,0.307952,C
MLC1919366351,0,1,10999,C,C,True,4.37792834553,compatible_directamente,-0.238234122265,-0.19512946015,-1.02455668308,2.17768965346,2.17033821778,0.576575783425,0.195465,C
MLC1887635547,0,1,9999,C,C,True,4.43393824959,compatible_directamente,-0.238234122265,-0.19512946015,-1.10154469766,2.20168890356,2.24731937868,0.643036374142,0.182966,C
MLC1887672065,0,1,9999,C,C,True,4.43393824959,compatible_directamente,-0.238234122265,-0.19512946015,-1.10154469766,2.20168890356,2.24731937868,0.643036374142,0.182966,C
MLC1887672301,0,1,9999,C,C,True,4.43393824959,compatible_directamente,-0.238234122265,-0.19512946015,-1.10154469766,2.20168890356,2.24731937868,0.643036374142,0.182966,C
MLC1887685133,0,1,9999,C,C,True,4.43393824959,compatible_directamente,-0.238234122265,-0.19512946015,-1.10154469766,2.20168890356,2.24731937868,0.643036374142,0.182966,C
MLC1887698165,0,1,9999,C,C,True,4.43393824959,compatible_directamente,-0.238234122265,-0.19512946015,-1.10154469766,2.20168890356,2.24731937868,0.643036374142,0.182966,C
MLC1887757141,0,1,9999,C,C,True,4.43393824959,compatible_directamente,-0.238234122265,-0.19512946015,-1.10154469766,2.20168890356,2.24731937868,0.643036374142,0.182966,C
MLC1887757249,0,1,9999,C,C,True,4.43393824959,compatible_directamente,-0.238234122265,-0.19512946015,-1.10154469766,2.20168890356,2.24731937868,0.643036374142,0.182966,C
MLC1887757415,0,1,9999,C,C,True,4.43393824959,compatible_directamente,-0.238234122265,-0.19512946015,-1.10154469766,2.20168890356,2.24731937868,0.643036374142,0.182966,C
MLC1919379133,0,1,9999,C,C,True,4.43393824959,compatible_directamente,-0.238234122265,-0.19512946015,-1.10154469766,2.20168890356,2.24731937868,0.643036374142,0.182966,C
MLC1919392235,0,1,9999,C,C,True,4.43393824959,compatible_directamente,-0.238234122265,-0.19512946015,-1.10154469766,2.20168890356,2.24731937868,0.643036374142,0.182966,C
MLC1919405247,0,1,9999,C,C,True,4.43393824959,compatible_directamente,-0.238234122265,-0.19512946015,-1.10154469766,2.20168890356,2.24731937868,0.643036374142,0.182966,C
MLC1919405287,0,1,9999,C,C,True,4.43393824959,compatible_directamente,-0.238234122265,-0.19512946015,-1.10154469766,2.20168890356,2.24731937868,0.643036374142,0.182966,C
MLC3738030116,0,1,9999,C,C,True,4.43393824959,compatible_directamente,-0.238234122265,-0.19512946015,-1.10154469766,2.20168890356,2.24731937868,0.643036374142,0.182966,C
MLC3765179152,0,1,9999,C,C,True,4.43393824959,compatible_directamente,-0.238234122265,-0.19512946015,-1.10154469766,2.20168890356,2.24731937868,0.643036374142,0.182966,C
MLC3765241578,0,1,9999,C,C,True,4.43393824959,compatible_directamente,-0.238234122265,-0.19512946015,-1.10154469766,2.20168890356,2.24731937868,0.643036374142,0.182966,C
MLC3794463086,0,1,9999,C,C,True,4.43393824959,compatible_directamente,-0.238234122265,-0.19512946015,-1.10154469766,2.20168890356,2.24731937868,0.643036374142,0.182966,C
MLC3794493566,0,1,9999,C,C,True,4.43393824959,compatible_directamente,-0.238234122265,-0.19512946015,-1.10154469766,2.20168890356,2.24731937868,0.643036374142,0.182966,C
MLC3794506334,0,1,9999,C,C,True,4.43393824959,compatible_directamente,-0.238234122265,-0.19512946015,-1.10154469766,2.20168890356,2.24731937868,0.643036374142,0.182966,C
MLC3794517842,0,1,9999,C,C,True,4.43393824959,compatible_directamente,-0.238234122265,-0.19512946015,-1.10154469766,2.20168890356,2.24731937868,0.643036374142,0.182966,C
MLC1880283597,0,1,4999,C,C,True,4.55416653372,compatible_directamente,-0.238234122265,-0.19512946015,-1.48648477056,2.35600459805,2.63223119663,0.998294111132,0.120473,C
MLC1882039999,0,1,4999,C,C,True,4.55416653372,compatible_directamente,-0.238234122265,-0.19512946015,-1.48648477056,2.35600459805,2.63223119663,0.998294111132,0.120473,C
MLC1946976749,0,1,4999,C,C,True,4.55416653372,compatible_directamente,-0.238234122265,-0.19512946015,-1.48648477056,2.35600459805,2.63223119663,0.998294111132,0.120473,C
MLC1946989113,0,1,4999,C,C,True,4.55416653372,compatible_directamente,-0.238234122265,-0.19512946015,-1.48648477056,2.35600459805,2.63223119663,0.998294111132,0.120473,C
MLC1946989129,0,1,4999,C,C,True,4.55416653372,compatible_directamente,-0.238234122265,-0.19512946015,-1.48648477056,2.35600459805,2.63223119663,0.998294111132,0.120473,C
MLC1947001667,0,1,4999,C,C,True,4.55416653372,compatible_directamente,-0.238234122265,-0.19512946015,-1.48648477056,2.35600459805,2.63223119663,0.998294111132,0.120473,C
MLC1949427615,0,1,4999,C,C,True,4.55416653372,compatible_directamente,-0.238234122265,-0.19512946015,-1.48648477056,2.35600459805,2.63223119663,0.998294111132,0.120473,C
MLC1955676913,0,1,4999,C,C,True,4.55416653372,compatible_directamente,-0.238234122265,-0.19512946015,-1.48648477056,2.35600459805,2.63223119663,0.998294111132,0.120473,C
MLC1955676917,0,1,4999,C,C,True,4.55416653372,compatible_directamente,-0.238234122265,-0.19512946015,-1.48648477056,2.35600459805,2.63223119663,0.998294111132,0.120473,C
MLC1955715791,0,1,4999,C,C,True,4.55416653372,compatible_directamente,-0.238234122265,-0.19512946015,-1.48648477056,2.35600459805,2.63223119663,0.998294111132,0.120473,C
MLC1955728517,0,1,4999,C,C,True,4.55416653372,compatible_directamente,-0.238234122265,-0.19512946015,-1.48648477056,2.35600459805,2.63223119663,0.998294111132,0.120473,C
MLC3738017692,0,1,4999,C,C,True,4.55416653372,compatible_directamente,-0.238234122265,-0.19512946015,-1.48648477056,2.35600459805,2.63223119663,0.998294111132,0.120473,C
MLC3746224792,0,1,4999,C,C,True,4.55416653372,compatible_directamente,-0.238234122265,-0.19512946015,-1.48648477056,2.35600459805,2.63223119663,0.998294111132,0.120473,C
MLC3824539038,0,1,4990,C,C,True,4.55438294463,compatible_directamente,-0.238234122265,-0.19512946015,-1.48717766269,2.35632995369,2.63292404535,0.998953405322,0.120361,C
MLC3856922486,0,0,25999,C,C,True,0.909789645586,compatible_directamente,-0.238234122265,-0.814692757938,0.1302635356,2.66138538526,1.20503620148,0.736425557204,0.262583,C
MLC1887635665,0,0,24999,C,C,True,1.16880991136,compatible_directamente,-0.238234122265,-0.814692757938,0.0532755210212,2.64768943391,1.27058019245,0.667505890668,0.250084,C
MLC1887635715,0,0,24999,C,C,True,1.16880991136,compatible_directamente,-0.238234122265,-0.814692757938,0.0532755210212,2.64768943391,1.27058019245,0.667505890668,0.250084,C
MLC1887685199,0,0,24999,C,C,True,1.16880991136,compatible_directamente,-0.238234122265,-0.814692757938,0.0532755210212,2.64768943391,1.27058019245,0.667505890668,0.250084,C
MLC1887685309,0,0,24999,C,C,True,1.16880991136,compatible_directamente,-0.238234122265,-0.814692757938,0.0532755210212,2.64768943391,1.27058019245,0.667505890668,0.250084,C
MLC1887685437,0,0,24999,C,C,True,1.16880991136,compatible_directamente,-0.238234122265,-0.814692757938,0.0532755210212,2.64768943391,1.27058019245,0.667505890668,0.250084,C
MLC1887698053,0,0,24999,C,C,True,1.16880991136,compatible_directamente,-0.238234122265,-0.814692757938,0.0532755210212,2.64768943391,1.27058019245,0.667505890668,0.250084,C
MLC1887710957,0,0,24999,C,C,True,1.16880991136,compatible_directamente,-0.238234122265,-0.814692757938,0.0532755210212,2.64768943391,1.27058019245,0.667505890668,0.250084,C
MLC1887757339,0,0,24999,C,C,True,1.16880991136,compatible_directamente,-0.238234122265,-0.814692757938,0.0532755210212,2.64768943391,1.27058019245,0.667505890668,0.250084,C
MLC1898810325,0,0,24999,C,C,True,1.16880991136,compatible_directamente,-0.238234122265,-0.814692757938,0.0532755210212,2.64768943391,1.27058019245,0.667505890668,0.250084,C
MLC1919379137,0,0,24999,C,C,True,1.16880991136,compatible_directamente,-0.238234122265,-0.814692757938,0.0532755210212,2.64768943391,1.27058019245,0.667505890668,0.250084,C
MLC1919405347,0,0,24999,C,C,True,1.16880991136,compatible_directamente,-0.238234122265,-0.814692757938,0.0532755210212,2.64768943391,1.27058019245,0.667505890668,0.250084,C
MLC1919418309,0,0,24999,C,C,True,1.16880991136,compatible_directamente,-0.238234122265,-0.814692757938,0.0532755210212,2.64768943391,1.27058019245,0.667505890668,0.250084,C
MLC3765157884,0,0,24999,C,C,True,1.16880991136,compatible_directamente,-0.238234122265,-0.814692757938,0.0532755210212,2.64768943391,1.27058019245,0.667505890668,0.250084,C
MLC3765179170,0,0,24999,C,C,True,1.16880991136,compatible_directamente,-0.238234122265,-0.814692757938,0.0532755210212,2.64768943391,1.27058019245,0.667505890668,0.250084,C
MLC3794462998,0,0,24999,C,C,True,1.16880991136,compatible_directamente,-0.238234122265,-0.814692757938,0.0532755210212,2.64768943391,1.27058019245,0.667505890668,0.250084,C
MLC3794463028,0,0,24999,C,C,True,1.16880991136,compatible_directamente,-0.238234122265,-0.814692757938,0.0532755210212,2.64768943391,1.27058019245,0.667505890668,0.250084,C
MLC3794493608,0,0,24999,C,C,True,1.16880991136,compatible_directamente,-0.238234122265,-0.814692757938,0.0532755210212,2.64768943391,1.27058019245,0.667505890668,0.250084,C
MLC3794493622,0,0,24999,C,C,True,1.16880991136,compatible_directamente,-0.238234122265,-0.814692757938,0.0532755210212,2.64768943391,1.27058019245,0.667505890668,0.250084,C
MLC3794493636,0,0,24999,C,C,True,1.16880991136,compatible_directamente,-0.238234122265,-0.814692757938,0.0532755210212,2.64768943391,1.27058019245,0.667505890668,0.250084,C
MLC3794493644,0,0,24999,C,C,True,1.16880991136,compatible_directamente,-0.238234122265,-0.814692757938,0.0532755210212,2.64768943391,1.27058019245,0.667505890668,0.250084,C
MLC3794506302,0,0,24999,C,C,True,1.16880991136,compatible_directamente,-0.238234122265,-0.814692757938,0.0532755210212,2.64768943391,1.27058019245,0.667505890668,0.250084,C
MLC3794506306,0,0,24999,C,C,True,1.16880991136,compatible_directamente,-0.238234122265,-0.814692757938,0.0532755210212,2.64768943391,1.27058019245,0.667505890668,0.250084,C
MLC3794506344,0,0,24999,C,C,True,1.16880991136,compatible_directamente,-0.238234122265,-0.814692757938,0.0532755210212,2.64768943391,1.27058019245,0.667505890668,0.250084,C
MLC3794506348,0,0,24999,C,C,True,1.16880991136,compatible_directamente,-0.238234122265,-0.814692757938,0.0532755210212,2.64768943391,1.27058019245,0.667505890668,0.250084,C
MLC3794506356,0,0,24999,C,C,True,1.16880991136,compatible_directamente,-0.238234122265,-0.814692757938,0.0532755210212,2.64768943391,1.27058019245,0.667505890668,0.250084,C
MLC3794506386,0,0,24999,C,C,True,1.16880991136,compatible_directamente,-0.238234122265,-0.814692757938,0.0532755210212,2.64768943391,1.27058019245,0.667505890668,0.250084,C
MLC3794517732,0,0,24999,C,C,True,1.16880991136,compatible_directamente,-0.238234122265,-0.814692757938,0.0532755210212,2.64768943391,1.27058019245,0.667505890668,0.250084,C
MLC3794517768,0,0,24999,C,C,True,1.16880991136,compatible_directamente,-0.238234122265,-0.814692757938,0.0532755210212,2.64768943391,1.27058019245,0.667505890668,0.250084,C
MLC3794517778,0,0,24999,C,C,True,1.16880991136,compatible_directamente,-0.238234122265,-0.814692757938,0.0532755210212,2.64768943391,1.27058019245,0.667505890668,0.250084,C
MLC3794517796,0,0,24999,C,C,True,1.16880991136,compatible_directamente,-0.238234122265,-0.814692757938,0.0532755210212,2.64768943391,1.27058019245,0.667505890668,0.250084,C
MLC3856837300,0,0,24999,C,C,True,1.16880991136,compatible_directamente,-0.238234122265,-0.814692757938,0.0532755210212,2.64768943391,1.27058019245,0.667505890668,0.250084,C
MLC3856850206,0,0,24999,C,C,True,1.16880991136,compatible_directamente,-0.238234122265,-0.814692757938,0.0532755210212,2.64768943391,1.27058019245,0.667505890668,0.250084,C
MLC3856871950,0,0,24999,C,C,True,1.16880991136,compatible_directamente,-0.238234122265,-0.814692757938,0.0532755210212,2.64768943391,1.27058019245,0.667505890668,0.250084,C
MLC3856885072,0,0,24999,C,C,True,1.16880991136,compatible_directamente,-0.238234122265,-0.814692757938,0.0532755210212,2.64768943391,1.27058019245,0.667505890668,0.250084,C
MLC3856897652,0,0,24999,C,C,True,1.16880991136,compatible_directamente,-0.238234122265,-0.814692757938,0.0532755210212,2.64768943391,1.27058019245,0.667505890668,0.250084,C
MLC3856909442,0,0,24999,C,C,True,1.16880991136,compatible_directamente,-0.238234122265,-0.814692757938,0.0532755210212,2.64768943391,1.27058019245,0.667505890668,0.250084,C
MLC3856922470,0,0,24999,C,C,True,1.16880991136,compatible_directamente,-0.238234122265,-0.814692757938,0.0532755210212,2.64768943391,1.27058019245,0.667505890668,0.250084,C
MLC3856922582,0,0,24999,C,C,True,1.16880991136,compatible_directamente,-0.238234122265,-0.814692757938,0.0532755210212,2.64768943391,1.27058019245,0.667505890668,0.250084,C
MLC3856935086,0,0,24999,C,C,True,1.16880991136,compatible_directamente,-0.238234122265,-0.814692757938,0.0532755210212,2.64768943391,1.27058019245,0.667505890668,0.250084,C
MLC3856935092,0,0,24999,C,C,True,1.16880991136,compatible_directamente,-0.238234122265,-0.814692757938,0.0532755210212,2.64768943391,1.27058019245,0.667505890668,0.250084,C
MLC3856935094,0,0,24999,C,C,True,1.16880991136,compatible_directamente,-0.238234122265,-0.814692757938,0.0532755210212,2.64768943391,1.27058019245,0.667505890668,0.250084,C
MLC3856935146,0,0,24999,C,C,True,1.16880991136,compatible_directamente,-0.238234122265,-0.814692757938,0.0532755210212,2.64768943391,1.27058019245,0.667505890668,0.250084,C
MLC3856935212,0,0,24999,C,C,True,1.16880991136,compatible_directamente,-0.238234122265,-0.814692757938,0.0532755210212,2.64768943391,1.27058019245,0.667505890668,0.250084,C
MLC3856943800,0,0,24999,C,C,True,1.16880991136,compatible_directamente,-0.238234122265,-0.814692757938,0.0532755210212,2.64768943391,1.27058019245,0.667505890668,0.250084,C
MLC3856943812,0,0,24999,C,C,True,1.16880991136,compatible_directamente,-0.238234122265,-0.814692757938,0.0532755210212,2.64768943391,1.27058019245,0.667505890668,0.250084,C
MLC3856956650,0,0,24999,C,C,True,1.16880991136,compatible_directamente,-0.238234122265,-0.814692757938,0.0532755210212,2.64768943391,1.27058019245,0.667505890668,0.250084,C
MLC3856956654,0,0,24999,C,C,True,1.16880991136,compatible_directamente,-0.238234122265,-0.814692757938,0.0532755210212,2.64768943391,1.27058019245,0.667505890668,0.250084,C
MLC3856969738,0,0,24999,C,C,True,1.16880991136,compatible_directamente,-0.238234122265,-0.814692757938,0.0532755210212,2.64768943391,1.27058019245,0.667505890668,0.250084,C
MLC3856969768,0,0,24999,C,C,True,1.16880991136,compatible_directamente,-0.238234122265,-0.814692757938,0.0532755210212,2.64768943391,1.27058019245,0.667505890668,0.250084,C
MLC1919379157,0,0,23999,C,C,True,1.42783017713,compatible_directamente,-0.238234122265,-0.814692757938,-0.0237124935576,2.63617162128,1.33734442563,0.600549694553,0.237586,C
MLC1919392273,0,0,23999,C,C,True,1.42783017713,compatible_directamente,-0.238234122265,-0.814692757938,-0.0237124935576,2.63617162128,1.33734442563,0.600549694553,0.237586,C
MLC1919405343,0,0,23999,C,C,True,1.42783017713,compatible_directamente,-0.238234122265,-0.814692757938,-0.0237124935576,2.63617162128,1.33734442563,0.600549694553,0.237586,C
MLC1919418275,0,0,22999,C,C,True,1.68685044291,compatible_directamente,-0.238234122265,-0.814692757938,-0.100700508136,2.62686059851,1.40515497681,0.536292891951,0.225087,C
MLC3856837312,0,0,22999,C,C,True,1.68685044291,compatible_directamente,-0.238234122265,-0.814692757938,-0.100700508136,2.62686059851,1.40515497681,0.536292891951,0.225087,C
MLC3856871954,0,0,22999,C,C,True,1.68685044291,compatible_directamente,-0.238234122265,-0.814692757938,-0.100700508136,2.62686059851,1.40515497681,0.536292891951,0.225087,C
MLC3856897736,0,0,22999,C,C,True,1.68685044291,compatible_directamente,-0.238234122265,-0.814692757938,-0.100700508136,2.62686059851,1.40515497681,0.536292891951,0.225087,C
MLC3794493648,0,0,22990,C,C,True,1.6891816253,compatible_directamente,-0.238234122265,-0.814692757938,-0.101393400268,2.62678689477,1.40576956395,0.535729821476,0.224975,C
MLC1919366299,0,0,22000,C,C,True,1.94561168841,compatible_directamente,-0.238234122265,-0.814692757938,-0.177611534701,2.61978585548,1.47379831314,0.475888410656,0.212601,C
MLC3765170286,0,0,21999,C,C,True,1.94587070868,compatible_directamente,-0.238234122265,-0.814692757938,-0.177688522715,2.61977989532,1.47386743425,0.475830332223,0.212589,C
MLC1919366373,0,0,20999,C,C,True,2.20489097445,compatible_directamente,-0.238234122265,-0.814692757938,-0.254676537294,2.61494762942,1.54336134052,0.420800728311,0.20009,C
MLC1919392233,0,0,20999,C,C,True,2.20489097445,compatible_directamente,-0.238234122265,-0.814692757938,-0.254676537294,2.61494762942,1.54336134052,0.420800728311,0.20009,C
MLC1919392307,0,0,20999,C,C,True,2.20489097445,compatible_directamente,-0.238234122265,-0.814692757938,-0.254676537294,2.61494762942,1.54336134052,0.420800728311,0.20009,C
MLC1919405243,0,0,20999,C,C,True,2.20489097445,compatible_directamente,-0.238234122265,-0.814692757938,-0.254676537294,2.61494762942,1.54336134052,0.420800728311,0.20009,C
MLC1919418255,0,0,20999,C,C,True,2.20489097445,compatible_directamente,-0.238234122265,-0.814692757938,-0.254676537294,2.61494762942,1.54336134052,0.420800728311,0.20009,C
MLC3856884968,0,0,20999,C,C,True,2.20489097445,compatible_directamente,-0.238234122265,-0.814692757938,-0.254676537294,2.61494762942,1.54336134052,0.420800728311,0.20009,C
MLC3856885082,0,0,20999,C,C,True,2.20489097445,compatible_directamente,-0.238234122265,-0.814692757938,-0.254676537294,2.61494762942,1.54336134052,0.420800728311,0.20009,C
MLC3856897716,0,0,20999,C,C,True,2.20489097445,compatible_directamente,-0.238234122265,-0.814692757938,-0.254676537294,2.61494762942,1.54336134052,0.420800728311,0.20009,C
MLC3856909472,0,0,20999,C,C,True,2.20489097445,compatible_directamente,-0.238234122265,-0.814692757938,-0.254676537294,2.61494762942,1.54336134052,0.420800728311,0.20009,C
MLC3856943716,0,0,20999,C,C,True,2.20489097445,compatible_directamente,-0.238234122265,-0.814692757938,-0.254676537294,2.61494762942,1.54336134052,0.420800728311,0.20009,C
MLC3856943792,0,0,20999,C,C,True,2.20489097445,compatible_directamente,-0.238234122265,-0.814692757938,-0.254676537294,2.61494762942,1.54336134052,0.420800728311,0.20009,C
MLC1887635515,0,0,19999,C,C,True,2.46391124023,compatible_directamente,-0.238234122265,-0.814692757938,-0.331664551873,2.61237627805,1.61353572933,0.37361251265,0.187591,C
MLC1887635717,0,0,19999,C,C,True,2.46391124023,compatible_directamente,-0.238234122265,-0.814692757938,-0.331664551873,2.61237627805,1.61353572933,0.37361251265,0.187591,C
MLC1887672069,0,0,19999,C,C,True,2.46391124023,compatible_directamente,-0.238234122265,-0.814692757938,-0.331664551873,2.61237627805,1.61353572933,0.37361251265,0.187591,C
MLC1887672117,0,0,19999,C,C,True,2.46391124023,compatible_directamente,-0.238234122265,-0.814692757938,-0.331664551873,2.61237627805,1.61353572933,0.37361251265,0.187591,C
MLC1887685339,0,0,19999,C,C,True,2.46391124023,compatible_directamente,-0.238234122265,-0.814692757938,-0.331664551873,2.61237627805,1.61353572933,0.37361251265,0.187591,C
MLC1887685357,0,0,19999,C,C,True,2.46391124023,compatible_directamente,-0.238234122265,-0.814692757938,-0.331664551873,2.61237627805,1.61353572933,0.37361251265,0.187591,C
MLC1887698057,0,0,19999,C,C,True,2.46391124023,compatible_directamente,-0.238234122265,-0.814692757938,-0.331664551873,2.61237627805,1.61353572933,0.37361251265,0.187591,C
MLC1887698083,0,0,19999,C,C,True,2.46391124023,compatible_directamente,-0.238234122265,-0.814692757938,-0.331664551873,2.61237627805,1.61353572933,0.37361251265,0.187591,C
MLC1887710809,0,0,19999,C,C,True,2.46391124023,compatible_directamente,-0.238234122265,-0.814692757938,-0.331664551873,2.61237627805,1.61353572933,0.37361251265,0.187591,C
MLC1887757303,0,0,19999,C,C,True,2.46391124023,compatible_directamente,-0.238234122265,-0.814692757938,-0.331664551873,2.61237627805,1.61353572933,0.37361251265,0.187591,C
MLC1887757429,0,0,19999,C,C,True,2.46391124023,compatible_directamente,-0.238234122265,-0.814692757938,-0.331664551873,2.61237627805,1.61353572933,0.37361251265,0.187591,C
MLC1898810327,0,0,19999,C,C,True,2.46391124023,compatible_directamente,-0.238234122265,-0.814692757938,-0.331664551873,2.61237627805,1.61353572933,0.37361251265,0.187591,C
MLC1898810341,0,0,19999,C,C,True,2.46391124023,compatible_directamente,-0.238234122265,-0.814692757938,-0.331664551873,2.61237627805,1.61353572933,0.37361251265,0.187591,C
MLC1898810377,0,0,19999,C,C,True,2.46391124023,compatible_directamente,-0.238234122265,-0.814692757938,-0.331664551873,2.61237627805,1.61353572933,0.37361251265,0.187591,C
MLC1898810397,0,0,19999,C,C,True,2.46391124023,compatible_directamente,-0.238234122265,-0.814692757938,-0.331664551873,2.61237627805,1.61353572933,0.37361251265,0.187591,C
MLC1898810401,0,0,19999,C,C,True,2.46391124023,compatible_directamente,-0.238234122265,-0.814692757938,-0.331664551873,2.61237627805,1.61353572933,0.37361251265,0.187591,C
MLC1919340759,0,0,19999,C,C,True,2.46391124023,compatible_directamente,-0.238234122265,-0.814692757938,-0.331664551873,2.61237627805,1.61353572933,0.37361251265,0.187591,C
MLC1919340773,0,0,19999,C,C,True,2.46391124023,compatible_directamente,-0.238234122265,-0.814692757938,-0.331664551873,2.61237627805,1.61353572933,0.37361251265,0.187591,C
MLC1919340833,0,0,19999,C,C,True,2.46391124023,compatible_directamente,-0.238234122265,-0.814692757938,-0.331664551873,2.61237627805,1.61353572933,0.37361251265,0.187591,C
MLC1919366313,0,0,19999,C,C,True,2.46391124023,compatible_directamente,-0.238234122265,-0.814692757938,-0.331664551873,2.61237627805,1.61353572933,0.37361251265,0.187591,C
MLC1919379141,0,0,19999,C,C,True,2.46391124023,compatible_directamente,-0.238234122265,-0.814692757938,-0.331664551873,2.61237627805,1.61353572933,0.37361251265,0.187591,C
MLC1919392257,0,0,19999,C,C,True,2.46391124023,compatible_directamente,-0.238234122265,-0.814692757938,-0.331664551873,2.61237627805,1.61353572933,0.37361251265,0.187591,C
MLC1919392305,0,0,19999,C,C,True,2.46391124023,compatible_directamente,-0.238234122265,-0.814692757938,-0.331664551873,2.61237627805,1.61353572933,0.37361251265,0.187591,C
MLC1919405335,0,0,19999,C,C,True,2.46391124023,compatible_directamente,-0.238234122265,-0.814692757938,-0.331664551873,2.61237627805,1.61353572933,0.37361251265,0.187591,C
MLC1919418295,0,0,19999,C,C,True,2.46391124023,compatible_directamente,-0.238234122265,-0.814692757938,-0.331664551873,2.61237627805,1.61353572933,0.37361251265,0.187591,C
MLC3765157742,0,0,19999,C,C,True,2.46391124023,compatible_directamente,-0.238234122265,-0.814692757938,-0.331664551873,2.61237627805,1.61353572933,0.37361251265,0.187591,C
MLC3765157910,0,0,19999,C,C,True,2.46391124023,compatible_directamente,-0.238234122265,-0.814692757938,-0.331664551873,2.61237627805,1.61353572933,0.37361251265,0.187591,C
MLC3765157920,0,0,19999,C,C,True,2.46391124023,compatible_directamente,-0.238234122265,-0.814692757938,-0.331664551873,2.61237627805,1.61353572933,0.37361251265,0.187591,C
MLC3765170278,0,0,19999,C,C,True,2.46391124023,compatible_directamente,-0.238234122265,-0.814692757938,-0.331664551873,2.61237627805,1.61353572933,0.37361251265,0.187591,C
MLC3765170446,0,0,19999,C,C,True,2.46391124023,compatible_directamente,-0.238234122265,-0.814692757938,-0.331664551873,2.61237627805,1.61353572933,0.37361251265,0.187591,C
MLC3765170450,0,0,19999,C,C,True,2.46391124023,compatible_directamente,-0.238234122265,-0.814692757938,-0.331664551873,2.61237627805,1.61353572933,0.37361251265,0.187591,C
MLC3765179280,0,0,19999,C,C,True,2.46391124023,compatible_directamente,-0.238234122265,-0.814692757938,-0.331664551873,2.61237627805,1.61353572933,0.37361251265,0.187591,C
MLC3765179410,0,0,19999,C,C,True,2.46391124023,compatible_directamente,-0.238234122265,-0.814692757938,-0.331664551873,2.61237627805,1.61353572933,0.37361251265,0.187591,C
MLC3765192168,0,0,19999,C,C,True,2.46391124023,compatible_directamente,-0.238234122265,-0.814692757938,-0.331664551873,2.61237627805,1.61353572933,0.37361251265,0.187591,C
MLC3765192258,0,0,19999,C,C,True,2.46391124023,compatible_directamente,-0.238234122265,-0.814692757938,-0.331664551873,2.61237627805,1.61353572933,0.37361251265,0.187591,C
MLC3765241244,0,0,19999,C,C,True,2.46391124023,compatible_directamente,-0.238234122265,-0.814692757938,-0.331664551873,2.61237627805,1.61353572933,0.37361251265,0.187591,C
MLC3765241302,0,0,19999,C,C,True,2.46391124023,compatible_directamente,-0.238234122265,-0.814692757938,-0.331664551873,2.61237627805,1.61353572933,0.37361251265,0.187591,C
MLC3765241570,0,0,19999,C,C,True,2.46391124023,compatible_directamente,-0.238234122265,-0.814692757938,-0.331664551873,2.61237627805,1.61353572933,0.37361251265,0.187591,C
MLC3794462984,0,0,19999,C,C,True,2.46391124023,compatible_directamente,-0.238234122265,-0.814692757938,-0.331664551873,2.61237627805,1.61353572933,0.37361251265,0.187591,C
MLC3794463006,0,0,19999,C,C,True,2.46391124023,compatible_directamente,-0.238234122265,-0.814692757938,-0.331664551873,2.61237627805,1.61353572933,0.37361251265,0.187591,C
MLC3794463008,0,0,19999,C,C,True,2.46391124023,compatible_directamente,-0.238234122265,-0.814692757938,-0.331664551873,2.61237627805,1.61353572933,0.37361251265,0.187591,C
MLC3794463036,0,0,19999,C,C,True,2.46391124023,compatible_directamente,-0.238234122265,-0.814692757938,-0.331664551873,2.61237627805,1.61353572933,0.37361251265,0.187591,C
MLC3794463056,0,0,19999,C,C,True,2.46391124023,compatible_directamente,-0.238234122265,-0.814692757938,-0.331664551873,2.61237627805,1.61353572933,0.37361251265,0.187591,C
MLC3794463060,0,0,19999,C,C,True,2.46391124023,compatible_directamente,-0.238234122265,-0.814692757938,-0.331664551873,2.61237627805,1.61353572933,0.37361251265,0.187591,C
MLC3794463066,0,0,19999,C,C,True,2.46391124023,compatible_directamente,-0.238234122265,-0.814692757938,-0.331664551873,2.61237627805,1.61353572933,0.37361251265,0.187591,C
MLC3794463070,0,0,19999,C,C,True,2.46391124023,compatible_directamente,-0.238234122265,-0.814692757938,-0.331664551873,2.61237627805,1.61353572933,0.37361251265,0.187591,C
MLC3794463084,0,0,19999,C,C,True,2.46391124023,compatible_directamente,-0.238234122265,-0.814692757938,-0.331664551873,2.61237627805,1.61353572933,0.37361251265,0.187591,C
MLC3794493560,0,0,19999,C,C,True,2.46391124023,compatible_directamente,-0.238234122265,-0.814692757938,-0.331664551873,2.61237627805,1.61353572933,0.37361251265,0.187591,C
MLC3794493570,0,0,19999,C,C,True,2.46391124023,compatible_directamente,-0.238234122265,-0.814692757938,-0.331664551873,2.61237627805,1.61353572933,0.37361251265,0.187591,C
MLC3794493574,0,0,19999,C,C,True,2.46391124023,compatible_directamente,-0.238234122265,-0.814692757938,-0.331664551873,2.61237627805,1.61353572933,0.37361251265,0.187591,C
MLC3794493576,0,0,19999,C,C,True,2.46391124023,compatible_directamente,-0.238234122265,-0.814692757938,-0.331664551873,2.61237627805,1.61353572933,0.37361251265,0.187591,C
MLC3794493626,0,0,19999,C,C,True,2.46391124023,compatible_directamente,-0.238234122265,-0.814692757938,-0.331664551873,2.61237627805,1.61353572933,0.37361251265,0.187591,C
MLC3794506280,0,0,19999,C,C,True,2.46391124023,compatible_directamente,-0.238234122265,-0.814692757938,-0.331664551873,2.61237627805,1.61353572933,0.37361251265,0.187591,C
MLC3794506286,0,0,19999,C,C,True,2.46391124023,compatible_directamente,-0.238234122265,-0.814692757938,-0.331664551873,2.61237627805,1.61353572933,0.37361251265,0.187591,C
MLC3794506324,0,0,19999,C,C,True,2.46391124023,compatible_directamente,-0.238234122265,-0.814692757938,-0.331664551873,2.61237627805,1.61353572933,0.37361251265,0.187591,C
MLC3794506330,0,0,19999,C,C,True,2.46391124023,compatible_directamente,-0.238234122265,-0.814692757938,-0.331664551873,2.61237627805,1.61353572933,0.37361251265,0.187591,C
MLC3794506338,0,0,19999,C,C,True,2.46391124023,compatible_directamente,-0.238234122265,-0.814692757938,-0.331664551873,2.61237627805,1.61353572933,0.37361251265,0.187591,C
MLC3794506340,0,0,19999,C,C,True,2.46391124023,compatible_directamente,-0.238234122265,-0.814692757938,-0.331664551873,2.61237627805,1.61353572933,0.37361251265,0.187591,C
MLC3794506350,0,0,19999,C,C,True,2.46391124023,compatible_directamente,-0.238234122265,-0.814692757938,-0.331664551873,2.61237627805,1.61353572933,0.37361251265,0.187591,C
MLC3794506360,0,0,19999,C,C,True,2.46391124023,compatible_directamente,-0.238234122265,-0.814692757938,-0.331664551873,2.61237627805,1.61353572933,0.37361251265,0.187591,C
MLC3794506362,0,0,19999,C,C,True,2.46391124023,compatible_directamente,-0.238234122265,-0.814692757938,-0.331664551873,2.61237627805,1.61353572933,0.37361251265,0.187591,C
MLC3794506368,0,0,19999,C,C,True,2.46391124023,compatible_directamente,-0.238234122265,-0.814692757938,-0.331664551873,2.61237627805,1.61353572933,0.37361251265,0.187591,C
MLC3794506374,0,0,19999,C,C,True,2.46391124023,compatible_directamente,-0.238234122265,-0.814692757938,-0.331664551873,2.61237627805,1.61353572933,0.37361251265,0.187591,C
MLC3794506378,0,0,19999,C,C,True,2.46391124023,compatible_directamente,-0.238234122265,-0.814692757938,-0.331664551873,2.61237627805,1.61353572933,0.37361251265,0.187591,C
MLC3794517734,0,0,19999,C,C,True,2.46391124023,compatible_directamente,-0.238234122265,-0.814692757938,-0.331664551873,2.61237627805,1.61353572933,0.37361251265,0.187591,C
MLC3794517736,0,0,19999,C,C,True,2.46391124023,compatible_directamente,-0.238234122265,-0.814692757938,-0.331664551873,2.61237627805,1.61353572933,0.37361251265,0.187591,C
MLC3794517738,0,0,19999,C,C,True,2.46391124023,compatible_directamente,-0.238234122265,-0.814692757938,-0.331664551873,2.61237627805,1.61353572933,0.37361251265,0.187591,C
MLC3794517740,0,0,19999,C,C,True,2.46391124023,compatible_directamente,-0.238234122265,-0.814692757938,-0.331664551873,2.61237627805,1.61353572933,0.37361251265,0.187591,C
MLC3794517742,0,0,19999,C,C,True,2.46391124023,compatible_directamente,-0.238234122265,-0.814692757938,-0.331664551873,2.61237627805,1.61353572933,0.37361251265,0.187591,C
MLC3794517776,0,0,19999,C,C,True,2.46391124023,compatible_directamente,-0.238234122265,-0.814692757938,-0.331664551873,2.61237627805,1.61353572933,0.37361251265,0.187591,C
MLC3794517788,0,0,19999,C,C,True,2.46391124023,compatible_directamente,-0.238234122265,-0.814692757938,-0.331664551873,2.61237627805,1.61353572933,0.37361251265,0.187591,C
MLC3794517794,0,0,19999,C,C,True,2.46391124023,compatible_directamente,-0.238234122265,-0.814692757938,-0.331664551873,2.61237627805,1.61353572933,0.37361251265,0.187591,C
MLC3794517804,0,0,19999,C,C,True,2.46391124023,compatible_directamente,-0.238234122265,-0.814692757938,-0.331664551873,2.61237627805,1.61353572933,0.37361251265,0.187591,C
MLC3794517812,0,0,19999,C,C,True,2.46391124023,compatible_directamente,-0.238234122265,-0.814692757938,-0.331664551873,2.61237627805,1.61353572933,0.37361251265,0.187591,C
MLC3794517824,0,0,19999,C,C,True,2.46391124023,compatible_directamente,-0.238234122265,-0.814692757938,-0.331664551873,2.61237627805,1.61353572933,0.37361251265,0.187591,C
MLC3794517828,0,0,19999,C,C,True,2.46391124023,compatible_directamente,-0.238234122265,-0.814692757938,-0.331664551873,2.61237627805,1.61353572933,0.37361251265,0.187591,C
MLC3794517838,0,0,19999,C,C,True,2.46391124023,compatible_directamente,-0.238234122265,-0.814692757938,-0.331664551873,2.61237627805,1.61353572933,0.37361251265,0.187591,C
MLC3794517846,0,0,19999,C,C,True,2.46391124023,compatible_directamente,-0.238234122265,-0.814692757938,-0.331664551873,2.61237627805,1.61353572933,0.37361251265,0.187591,C
MLC3794517848,0,0,19999,C,C,True,2.46391124023,compatible_directamente,-0.238234122265,-0.814692757938,-0.331664551873,2.61237627805,1.61353572933,0.37361251265,0.187591,C
MLC3856837320,0,0,19999,C,C,True,2.46391124023,compatible_directamente,-0.238234122265,-0.814692757938,-0.331664551873,2.61237627805,1.61353572933,0.37361251265,0.187591,C
MLC3856850262,0,0,19999,C,C,True,2.46391124023,compatible_directamente,-0.238234122265,-0.814692757938,-0.331664551873,2.61237627805,1.61353572933,0.37361251265,0.187591,C
MLC3856871942,0,0,19999,C,C,True,2.46391124023,compatible_directamente,-0.238234122265,-0.814692757938,-0.331664551873,2.61237627805,1.61353572933,0.37361251265,0.187591,C
MLC3856871972,0,0,19999,C,C,True,2.46391124023,compatible_directamente,-0.238234122265,-0.814692757938,-0.331664551873,2.61237627805,1.61353572933,0.37361251265,0.187591,C
MLC3856885028,0,0,19999,C,C,True,2.46391124023,compatible_directamente,-0.238234122265,-0.814692757938,-0.331664551873,2.61237627805,1.61353572933,0.37361251265,0.187591,C
MLC3856897706,0,0,19999,C,C,True,2.46391124023,compatible_directamente,-0.238234122265,-0.814692757938,-0.331664551873,2.61237627805,1.61353572933,0.37361251265,0.187591,C
MLC3856909476,0,0,19999,C,C,True,2.46391124023,compatible_directamente,-0.238234122265,-0.814692757938,-0.331664551873,2.61237627805,1.61353572933,0.37361251265,0.187591,C
MLC3856922522,0,0,19999,C,C,True,2.46391124023,compatible_directamente,-0.238234122265,-0.814692757938,-0.331664551873,2.61237627805,1.61353572933,0.37361251265,0.187591,C
MLC3856935100,0,0,19999,C,C,True,2.46391124023,compatible_directamente,-0.238234122265,-0.814692757938,-0.331664551873,2.61237627805,1.61353572933,0.37361251265,0.187591,C
MLC3856935140,0,0,19999,C,C,True,2.46391124023,compatible_directamente,-0.238234122265,-0.814692757938,-0.331664551873,2.61237627805,1.61353572933,0.37361251265,0.187591,C
MLC3856943802,0,0,19999,C,C,True,2.46391124023,compatible_directamente,-0.238234122265,-0.814692757938,-0.331664551873,2.61237627805,1.61353572933,0.37361251265,0.187591,C
MLC1947001671,0,0,19997,C,C,True,2.46442928076,compatible_directamente,-0.238234122265,-0.814692757938,-0.331818527902,2.61237340623,1.61367670074,0.373528062854,0.187566,C
MLC3856909350,0,0,16999,C,C,True,3.24097203755,compatible_directamente,-0.238234122265,-0.814692757938,-0.562628595609,2.61826503839,1.82735419933,0.31345068553,0.150096,C
MLC1887672105,0,0,14999,C,C,True,3.7590125691,compatible_directamente,-0.238234122265,-0.814692757938,-0.716604624767,2.63346122379,1.97204938926,0.360508286424,0.125098,C
MLC1898810391,0,0,14999,C,C,True,3.7590125691,compatible_directamente,-0.238234122265,-0.814692757938,-0.716604624767,2.63346122379,1.97204938926,0.360508286424,0.125098,C
MLC1898810413,0,0,14999,C,C,True,3.7590125691,compatible_directamente,-0.238234122265,-0.814692757938,-0.716604624767,2.63346122379,1.97204938926,0.360508286424,0.125098,C
MLC3794463000,0,0,14999,C,C,True,3.7590125691,compatible_directamente,-0.238234122265,-0.814692757938,-0.716604624767,2.63346122379,1.97204938926,0.360508286424,0.125098,C
MLC3794463002,0,0,14999,C,C,True,3.7590125691,compatible_directamente,-0.238234122265,-0.814692757938,-0.716604624767,2.63346122379,1.97204938926,0.360508286424,0.125098,C
MLC3794493632,0,0,14999,C,C,True,3.7590125691,compatible_directamente,-0.238234122265,-0.814692757938,-0.716604624767,2.63346122379,1.97204938926,0.360508286424,0.125098,C
MLC3794506292,0,0,14999,C,C,True,3.7590125691,compatible_directamente,-0.238234122265,-0.814692757938,-0.716604624767,2.63346122379,1.97204938926,0.360508286424,0.125098,C
MLC3794517748,0,0,14999,C,C,True,3.7590125691,compatible_directamente,-0.238234122265,-0.814692757938,-0.716604624767,2.63346122379,1.97204938926,0.360508286424,0.125098,C
MLC3856884984,0,0,13999,C,C,True,4.01803283487,compatible_directamente,-0.238234122265,-0.814692757938,-0.793592639346,2.64439077736,2.04490536915,0.404481314658,0.1126,C
MLC3964479062,0,0,10999,C,C,True,4.79509363219,compatible_directamente,-0.238234122265,-0.814692757938,-1.02455668308,2.69016396052,2.26511398096,0.579351115088,0.075104,C
MLC1887635523,0,0,9999,C,C,True,5.05411389797,compatible_directamente,-0.238234122265,-0.814692757938,-1.10154469766,2.7096280069,2.33897792999,0.645526032776,0.062605,C
MLC1887672095,0,0,9999,C,C,True,5.05411389797,compatible_directamente,-0.238234122265,-0.814692757938,-1.10154469766,2.7096280069,2.33897792999,0.645526032776,0.062605,C
MLC1887685255,0,0,9999,C,C,True,5.05411389797,compatible_directamente,-0.238234122265,-0.814692757938,-1.10154469766,2.7096280069,2.33897792999,0.645526032776,0.062605,C
MLC1887698157,0,0,9999,C,C,True,5.05411389797,compatible_directamente,-0.238234122265,-0.814692757938,-1.10154469766,2.7096280069,2.33897792999,0.645526032776,0.062605,C
MLC1887698193,0,0,9999,C,C,True,5.05411389797,compatible_directamente,-0.238234122265,-0.814692757938,-1.10154469766,2.7096280069,2.33897792999,0.645526032776,0.062605,C
MLC1887698275,0,0,9999,C,C,True,5.05411389797,compatible_directamente,-0.238234122265,-0.814692757938,-1.10154469766,2.7096280069,2.33897792999,0.645526032776,0.062605,C
MLC1887698303,0,0,9999,C,C,True,5.05411389797,compatible_directamente,-0.238234122265,-0.814692757938,-1.10154469766,2.7096280069,2.33897792999,0.645526032776,0.062605,C
MLC1887710793,0,0,9999,C,C,True,5.05411389797,compatible_directamente,-0.238234122265,-0.814692757938,-1.10154469766,2.7096280069,2.33897792999,0.645526032776,0.062605,C
MLC1887710915,0,0,9999,C,C,True,5.05411389797,compatible_directamente,-0.238234122265,-0.814692757938,-1.10154469766,2.7096280069,2.33897792999,0.645526032776,0.062605,C
MLC1887710927,0,0,9999,C,C,True,5.05411389797,compatible_directamente,-0.238234122265,-0.814692757938,-1.10154469766,2.7096280069,2.33897792999,0.645526032776,0.062605,C
MLC1887711015,0,0,9999,C,C,True,5.05411389797,compatible_directamente,-0.238234122265,-0.814692757938,-1.10154469766,2.7096280069,2.33897792999,0.645526032776,0.062605,C
MLC1887757329,0,0,9999,C,C,True,5.05411389797,compatible_directamente,-0.238234122265,-0.814692757938,-1.10154469766,2.7096280069,2.33897792999,0.645526032776,0.062605,C
MLC1898810363,0,0,9999,C,C,True,5.05411389797,compatible_directamente,-0.238234122265,-0.814692757938,-1.10154469766,2.7096280069,2.33897792999,0.645526032776,0.062605,C
MLC1898810375,0,0,9999,C,C,True,5.05411389797,compatible_directamente,-0.238234122265,-0.814692757938,-1.10154469766,2.7096280069,2.33897792999,0.645526032776,0.062605,C
MLC1919340753,0,0,9999,C,C,True,5.05411389797,compatible_directamente,-0.238234122265,-0.814692757938,-1.10154469766,2.7096280069,2.33897792999,0.645526032776,0.062605,C
MLC1919379153,0,0,9999,C,C,True,5.05411389797,compatible_directamente,-0.238234122265,-0.814692757938,-1.10154469766,2.7096280069,2.33897792999,0.645526032776,0.062605,C
MLC1919379195,0,0,9999,C,C,True,5.05411389797,compatible_directamente,-0.238234122265,-0.814692757938,-1.10154469766,2.7096280069,2.33897792999,0.645526032776,0.062605,C
MLC1919392251,0,0,9999,C,C,True,5.05411389797,compatible_directamente,-0.238234122265,-0.814692757938,-1.10154469766,2.7096280069,2.33897792999,0.645526032776,0.062605,C
MLC1919392313,0,0,9999,C,C,True,5.05411389797,compatible_directamente,-0.238234122265,-0.814692757938,-1.10154469766,2.7096280069,2.33897792999,0.645526032776,0.062605,C
MLC1919405237,0,0,9999,C,C,True,5.05411389797,compatible_directamente,-0.238234122265,-0.814692757938,-1.10154469766,2.7096280069,2.33897792999,0.645526032776,0.062605,C
MLC1919418353,0,0,9999,C,C,True,5.05411389797,compatible_directamente,-0.238234122265,-0.814692757938,-1.10154469766,2.7096280069,2.33897792999,0.645526032776,0.062605,C
MLC3746224804,0,0,9999,C,C,True,5.05411389797,compatible_directamente,-0.238234122265,-0.814692757938,-1.10154469766,2.7096280069,2.33897792999,0.645526032776,0.062605,C
MLC3765157660,0,0,9999,C,C,True,5.05411389797,compatible_directamente,-0.238234122265,-0.814692757938,-1.10154469766,2.7096280069,2.33897792999,0.645526032776,0.062605,C
MLC3765157744,0,0,9999,C,C,True,5.05411389797,compatible_directamente,-0.238234122265,-0.814692757938,-1.10154469766,2.7096280069,2.33897792999,0.645526032776,0.062605,C
MLC3765157916,0,0,9999,C,C,True,5.05411389797,compatible_directamente,-0.238234122265,-0.814692757938,-1.10154469766,2.7096280069,2.33897792999,0.645526032776,0.062605,C
MLC3765170242,0,0,9999,C,C,True,5.05411389797,compatible_directamente,-0.238234122265,-0.814692757938,-1.10154469766,2.7096280069,2.33897792999,0.645526032776,0.062605,C
MLC3765170454,0,0,9999,C,C,True,5.05411389797,compatible_directamente,-0.238234122265,-0.814692757938,-1.10154469766,2.7096280069,2.33897792999,0.645526032776,0.062605,C
MLC3765170472,0,0,9999,C,C,True,5.05411389797,compatible_directamente,-0.238234122265,-0.814692757938,-1.10154469766,2.7096280069,2.33897792999,0.645526032776,0.062605,C
MLC3765179182,0,0,9999,C,C,True,5.05411389797,compatible_directamente,-0.238234122265,-0.814692757938,-1.10154469766,2.7096280069,2.33897792999,0.645526032776,0.062605,C
MLC3765179192,0,0,9999,C,C,True,5.05411389797,compatible_directamente,-0.238234122265,-0.814692757938,-1.10154469766,2.7096280069,2.33897792999,0.645526032776,0.062605,C
MLC3765179470,0,0,9999,C,C,True,5.05411389797,compatible_directamente,-0.238234122265,-0.814692757938,-1.10154469766,2.7096280069,2.33897792999,0.645526032776,0.062605,C
MLC3765192162,0,0,9999,C,C,True,5.05411389797,compatible_directamente,-0.238234122265,-0.814692757938,-1.10154469766,2.7096280069,2.33897792999,0.645526032776,0.062605,C
MLC3765192222,0,0,9999,C,C,True,5.05411389797,compatible_directamente,-0.238234122265,-0.814692757938,-1.10154469766,2.7096280069,2.33897792999,0.645526032776,0.062605,C
MLC3765192320,0,0,9999,C,C,True,5.05411389797,compatible_directamente,-0.238234122265,-0.814692757938,-1.10154469766,2.7096280069,2.33897792999,0.645526032776,0.062605,C
MLC3765192418,0,0,9999,C,C,True,5.05411389797,compatible_directamente,-0.238234122265,-0.814692757938,-1.10154469766,2.7096280069,2.33897792999,0.645526032776,0.062605,C
MLC3765192420,0,0,9999,C,C,True,5.05411389797,compatible_directamente,-0.238234122265,-0.814692757938,-1.10154469766,2.7096280069,2.33897792999,0.645526032776,0.062605,C
MLC3765241264,0,0,9999,C,C,True,5.05411389797,compatible_directamente,-0.238234122265,-0.814692757938,-1.10154469766,2.7096280069,2.33897792999,0.645526032776,0.062605,C
MLC3765241282,0,0,9999,C,C,True,5.05411389797,compatible_directamente,-0.238234122265,-0.814692757938,-1.10154469766,2.7096280069,2.33897792999,0.645526032776,0.062605,C
MLC3765241416,0,0,9999,C,C,True,5.05411389797,compatible_directamente,-0.238234122265,-0.814692757938,-1.10154469766,2.7096280069,2.33897792999,0.645526032776,0.062605,C
MLC3765241504,0,0,9999,C,C,True,5.05411389797,compatible_directamente,-0.238234122265,-0.814692757938,-1.10154469766,2.7096280069,2.33897792999,0.645526032776,0.062605,C
MLC3765241518,0,0,9999,C,C,True,5.05411389797,compatible_directamente,-0.238234122265,-0.814692757938,-1.10154469766,2.7096280069,2.33897792999,0.645526032776,0.062605,C
MLC3794463030,0,0,9999,C,C,True,5.05411389797,compatible_directamente,-0.238234122265,-0.814692757938,-1.10154469766,2.7096280069,2.33897792999,0.645526032776,0.062605,C
MLC3794493568,0,0,9999,C,C,True,5.05411389797,compatible_directamente,-0.238234122265,-0.814692757938,-1.10154469766,2.7096280069,2.33897792999,0.645526032776,0.062605,C
MLC3794493572,0,0,9999,C,C,True,5.05411389797,compatible_directamente,-0.238234122265,-0.814692757938,-1.10154469766,2.7096280069,2.33897792999,0.645526032776,0.062605,C
MLC3794493634,0,0,9999,C,C,True,5.05411389797,compatible_directamente,-0.238234122265,-0.814692757938,-1.10154469766,2.7096280069,2.33897792999,0.645526032776,0.062605,C
MLC3794493646,0,0,9999,C,C,True,5.05411389797,compatible_directamente,-0.238234122265,-0.814692757938,-1.10154469766,2.7096280069,2.33897792999,0.645526032776,0.062605,C
MLC3794506376,0,0,9999,C,C,True,5.05411389797,compatible_directamente,-0.238234122265,-0.814692757938,-1.10154469766,2.7096280069,2.33897792999,0.645526032776,0.062605,C
MLC3794517766,0,0,9999,C,C,True,5.05411389797,compatible_directamente,-0.238234122265,-0.814692757938,-1.10154469766,2.7096280069,2.33897792999,0.645526032776,0.062605,C
MLC3794517822,0,0,9999,C,C,True,5.05411389797,compatible_directamente,-0.238234122265,-0.814692757938,-1.10154469766,2.7096280069,2.33897792999,0.645526032776,0.062605,C
MLC3856850182,0,0,9999,C,C,True,5.05411389797,compatible_directamente,-0.238234122265,-0.814692757938,-1.10154469766,2.7096280069,2.33897792999,0.645526032776,0.062605,C
MLC3856850188,0,0,9999,C,C,True,5.05411389797,compatible_directamente,-0.238234122265,-0.814692757938,-1.10154469766,2.7096280069,2.33897792999,0.645526032776,0.062605,C
MLC3856850192,0,0,9999,C,C,True,5.05411389797,compatible_directamente,-0.238234122265,-0.814692757938,-1.10154469766,2.7096280069,2.33897792999,0.645526032776,0.062605,C
MLC3856885080,0,0,9999,C,C,True,5.05411389797,compatible_directamente,-0.238234122265,-0.814692757938,-1.10154469766,2.7096280069,2.33897792999,0.645526032776,0.062605,C
MLC3856909348,0,0,9999,C,C,True,5.05411389797,compatible_directamente,-0.238234122265,-0.814692757938,-1.10154469766,2.7096280069,2.33897792999,0.645526032776,0.062605,C
MLC3856922450,0,0,9999,C,C,True,5.05411389797,compatible_directamente,-0.238234122265,-0.814692757938,-1.10154469766,2.7096280069,2.33897792999,0.645526032776,0.062605,C
MLC3856922504,0,0,9999,C,C,True,5.05411389797,compatible_directamente,-0.238234122265,-0.814692757938,-1.10154469766,2.7096280069,2.33897792999,0.645526032776,0.062605,C
MLC3856935128,0,0,9999,C,C,True,5.05411389797,compatible_directamente,-0.238234122265,-0.814692757938,-1.10154469766,2.7096280069,2.33897792999,0.645526032776,0.062605,C
MLC3856935172,0,0,9999,C,C,True,5.05411389797,compatible_directamente,-0.238234122265,-0.814692757938,-1.10154469766,2.7096280069,2.33897792999,0.645526032776,0.062605,C
MLC3856956674,0,0,9999,C,C,True,5.05411389797,compatible_directamente,-0.238234122265,-0.814692757938,-1.10154469766,2.7096280069,2.33897792999,0.645526032776,0.062605,C
MLC3856956690,0,0,9999,C,C,True,5.05411389797,compatible_directamente,-0.238234122265,-0.814692757938,-1.10154469766,2.7096280069,2.33897792999,0.645526032776,0.062605,C
MLC3776440424,0,0,5999,C,C,True,6.09019496106,compatible_directamente,-0.238234122265,-0.814692757938,-1.40949675598,2.80731797782,2.63622200992,0.927076870878,0.012611,C
MLC3776551612,0,0,5999,C,C,True,6.09019496106,compatible_directamente,-0.238234122265,-0.814692757938,-1.40949675598,2.80731797782,2.63622200992,0.927076870878,0.012611,C
MLC3856943734,0,0,5999,C,C,True,6.09019496106,compatible_directamente,-0.238234122265,-0.814692757938,-1.40949675598,2.80731797782,2.63622200992,0.927076870878,0.012611,C
MLC1878110381,0,0,4999,C,C,True,6.34921522683,compatible_directamente,-0.238234122265,-0.814692757938,-1.48648477056,2.83644276758,2.71090657155,0.999899601381,0.000112,C
MLC1946976755,0,0,4999,C,C,True,6.34921522683,compatible_directamente,-0.238234122265,-0.814692757938,-1.48648477056,2.83644276758,2.71090657155,0.999899601381,0.000112,C
MLC1946989127,0,0,4999,C,C,True,6.34921522683,compatible_directamente,-0.238234122265,-0.814692757938,-1.48648477056,2.83644276758,2.71090657155,0.999899601381,0.000112,C
MLC1947014891,0,0,4999,C,C,True,6.34921522683,compatible_directamente,-0.238234122265,-0.814692757938,-1.48648477056,2.83644276758,2.71090657155,0.999899601381,0.000112,C
MLC1955676823,0,0,4999,C,C,True,6.34921522683,compatible_directamente,-0.238234122265,-0.814692757938,-1.48648477056,2.83644276758,2.71090657155,0.999899601381,0.000112,C
MLC1955728611,0,0,4999,C,C,True,6.34921522683,compatible_directamente,-0.238234122265,-0.814692757938,-1.48648477056,2.83644276758,2.71090657155,0.999899601381,0.000112,C
MLC3738017690,0,0,4999,C,C,True,6.34921522683,compatible_directamente,-0.238234122265,-0.814692757938,-1.48648477056,2.83644276758,2.71090657155,0.999899601381,0.000112,C
MLC3824556494,0,0,4999,C,C,True,6.34921522683,compatible_directamente,-0.238234122265,-0.814692757938,-1.48648477056,2.83644276758,2.71090657155,0.999899601381,0.000112,C
MLC3936773372,0,0,4999,C,C,True,6.34921522683,compatible_directamente,-0.238234122265,-0.814692757938,-1.48648477056,2.83644276758,2.71090657155,0.999899601381,0.000112,C
MLC3951882858,0,0,4999,C,C,True,6.34921522683,compatible_directamente,-0.238234122265,-0.814692757938,-1.48648477056,2.83644276758,2.71090657155,0.999899601381,0.000112,C
